Use Case,Selected Issue ID,Issue Count,Concerns,Conflicts,Purpose Blocking,Redundancies,Situational Conflicts,Status,Run ID,Timestamp,Input SHA256
ASPEN,redundancies_1,8,4,0,0,1,3,recorded,04033750502a498fa52ec31e9391aedf,2026-10-08T07:50:09.755346,960ae33ef5a4ee8c22b230244cd2a2a7612c01004892205d97dd79f2ec10c1aa
ASPEN,concerns_4,8,4,0,0,1,3,recorded,a079f0d7d48347d6b95d022112e48a1a,2026-10-08T07:49:18.847853,960ae33ef5a4ee8c22b230244cd2a2a7612c01004892205d97dd79f2ec10c1aa
ASPEN,concerns_3,8,4,0,0,1,3,recorded,5e1e465080bb418588b59421be7bdfed,2026-10-08T07:48:54.621202,960ae33ef5a4ee8c22b230244cd2a2a7612c01004892205d97dd79f2ec10c1aa
ASPEN,concerns_2,8,4,0,0,1,3,recorded,677159377da4431a95c42fbc7bb391cb,2026-10-08T07:47:49.850294,960ae33ef5a4ee8c22b230244cd2a2a7612c01004892205d97dd79f2ec10c1aa
ASPEN,concerns_1,8,4,0,0,1,3,recorded,09146de29eb7412b877e7f23717815d7,2026-10-08T07:45:41.055936,960ae33ef5a4ee8c22b230244cd2a2a7612c01004892205d97dd79f2ec10c1aa
ASPEN,situational_conflicts_3,8,4,0,0,1,3,recorded,3e63700308d2492298cc00e859626c02,2026-10-08T07:42:56.149810,960ae33ef5a4ee8c22b230244cd2a2a7612c01004892205d97dd79f2ec10c1aa
ASPEN,situational_conflicts_2,8,4,0,0,1,3,recorded,0c7da3ce7e8e409e8a81ee5c2225e65e,2026-10-08T07:38:20.626178,960ae33ef5a4ee8c22b230244cd2a2a7612c01004892205d97dd79f2ec10c1aa
ASPEN,situational_conflicts_1,8,4,0,0,1,3,recorded,f531354e8c204198ad00f85ac8d013d2,2026-10-08T07:36:57.294224,960ae33ef5a4ee8c22b230244cd2a2a7612c01004892205d97dd79f2ec10c1aa
AutoCAR,redundancies_2,9,7,0,0,2,0,recorded,8ba61e9f883c4ac88fdfd8e5b52a275f,2026-10-08T07:32:30.534573,8c3604363ab89b9ec53420413e7dd16cac8128579434849ac93b0ef790e35e73
AutoCAR,redundancies_1,9,7,0,0,2,0,recorded,78c5a0251d9347e8b6c2a8857eaf92a2,2026-10-08T07:30:55.502707,8c3604363ab89b9ec53420413e7dd16cac8128579434849ac93b0ef790e35e73
AutoCAR,concerns_7,9,7,0,0,2,0,recorded,10297a6d35504f5d82d17e8c01c7a485,2026-10-08T07:29:37.039651,8c3604363ab89b9ec53420413e7dd16cac8128579434849ac93b0ef790e35e73
AutoCAR,concerns_6,9,7,0,0,2,0,recorded,e8f7b566e2a24351b596a0fc1fb7b55f,2026-10-08T07:28:46.720118,8c3604363ab89b9ec53420413e7dd16cac8128579434849ac93b0ef790e35e73
AutoCAR,concerns_5,9,7,0,0,2,0,recorded,6a6a7e9a2ff345ddaa40fd762e7dbb21,2026-10-08T07:27:58.033200,8c3604363ab89b9ec53420413e7dd16cac8128579434849ac93b0ef790e35e73
AutoCAR,concerns_3,9,7,0,0,2,0,recorded,3b79f30c38634ad7aed39cb113620936,2026-10-08T07:25:10.664164,8c3604363ab89b9ec53420413e7dd16cac8128579434849ac93b0ef790e35e73
AutoCAR,concerns_2,9,7,0,0,2,0,recorded,5a371626642644d6ac76f36b1b7c77bb,2026-10-08T07:23:35.255339,8c3604363ab89b9ec53420413e7dd16cac8128579434849ac93b0ef790e35e73
AutoCAR,concerns_1,9,7,0,0,2,0,recorded,af62d883b69d4df093fdcf36816cc0b7,2026-10-08T07:22:51.145828,8c3604363ab89b9ec53420413e7dd16cac8128579434849ac93b0ef790e35e73
DAISY,redundancies_1,8,5,0,0,1,2,recorded,e10e63644e8e4783af6b09b03f3bca93,2026-10-08T07:18:41.857037,c1cb5631818359a982f85aa555016a41dfe66be06a69b48f457e4c645d21c12f
DAISY,concerns_5,8,5,0,0,1,2,recorded,3a2e0629c6d8402799797eb3b0aa2f0a,2026-10-08T07:17:00.206218,c1cb5631818359a982f85aa555016a41dfe66be06a69b48f457e4c645d21c12f
DAISY,concerns_4,8,5,0,0,1,2,recorded,374a09c8d3344079aac78fe20e5b64f5,2026-10-08T07:15:31.775244,c1cb5631818359a982f85aa555016a41dfe66be06a69b48f457e4c645d21c12f
DAISY,concerns_3,8,5,0,0,1,2,recorded,8aae0a60187447488992e37adb8dcea5,2026-10-08T07:14:47.371716,c1cb5631818359a982f85aa555016a41dfe66be06a69b48f457e4c645d21c12f
DAISY,concerns_2,8,5,0,0,1,2,recorded,9efb3ec33fc8422195bd3de4bc72a530,2026-10-08T07:13:41.090199,c1cb5631818359a982f85aa555016a41dfe66be06a69b48f457e4c645d21c12f
DAISY,concerns_1,8,5,0,0,1,2,recorded,24bd53275c2e41a5aa346c8f5ce16e76,2026-10-08T07:12:39.646310,c1cb5631818359a982f85aa555016a41dfe66be06a69b48f457e4c645d21c12f
DAISY,situational_conflicts_2,8,5,0,0,1,2,recorded,d29ad7c2b87145698d77188dbcd35999,2026-10-08T07:08:45.187026,c1cb5631818359a982f85aa555016a41dfe66be06a69b48f457e4c645d21c12f
CSICobot,redundancies_3,10,7,0,0,3,0,recorded,780d4135836e48c6aa2f837252556ae7,2026-10-08T07:04:14.998474,e0773e33436e5e4e57932be02e49e3dd92f5acde0afaa105691fad2da394fec9
DAISY,situational_conflicts_1,8,5,0,0,1,2,recorded,075684b92d604af99a9545b11317dcd7,2026-10-08T07:03:04.993333,c1cb5631818359a982f85aa555016a41dfe66be06a69b48f457e4c645d21c12f
CSICobot,redundancies_2,10,7,0,0,3,0,recorded,ea07d004f35844f9ac28dd5123172c1a,2026-10-08T07:02:40.399006,e0773e33436e5e4e57932be02e49e3dd92f5acde0afaa105691fad2da394fec9
CSICobot,redundancies_2,10,7,0,0,3,0,recorded,28fa48653e0f413ba4bc04d43e51d6d1,2026-10-08T07:01:36.776453,e0773e33436e5e4e57932be02e49e3dd92f5acde0afaa105691fad2da394fec9
CSICobot,redundancies_1,10,7,0,0,3,0,recorded,6e9871da5afc4102b5e012177c6f59c0,2026-10-08T06:59:35.218326,e0773e33436e5e4e57932be02e49e3dd92f5acde0afaa105691fad2da394fec9
CSICobot,concerns_7,10,7,0,0,3,0,recorded,d5666bf90dc049c0a277887a5d057d6d,2026-10-08T06:58:27.980302,e0773e33436e5e4e57932be02e49e3dd92f5acde0afaa105691fad2da394fec9
CSICobot,concerns_6,10,7,0,0,3,0,recorded,f79b4daf79b84fd68d409979019d6c72,2026-10-08T06:57:32.980034,e0773e33436e5e4e57932be02e49e3dd92f5acde0afaa105691fad2da394fec9
CSICobot,concerns_5,10,7,0,0,3,0,recorded,4eebeb8b339d4e5298e4af91695a9a5c,2026-10-08T06:56:49.077089,e0773e33436e5e4e57932be02e49e3dd92f5acde0afaa105691fad2da394fec9
CSICobot,concerns_4,10,7,0,0,3,0,recorded,07f364894ad2457aa5e5068e0ac0b72f,2026-10-08T06:56:19.082503,e0773e33436e5e4e57932be02e49e3dd92f5acde0afaa105691fad2da394fec9
CSICobot,concerns_3,10,7,0,0,3,0,recorded,081d725b976847febe2ec7752c9e5013,2026-10-08T06:55:17.271714,e0773e33436e5e4e57932be02e49e3dd92f5acde0afaa105691fad2da394fec9
CSICobot,concerns_3,10,7,0,0,3,0,recorded,4d59ba161f08411ba54b930f294c966f,2026-10-08T06:55:15.238185,e0773e33436e5e4e57932be02e49e3dd92f5acde0afaa105691fad2da394fec9
CSICobot,concerns_2,10,7,0,0,3,0,recorded,2270163f24fe4b699da9de024f595204,2026-10-08T06:54:00.402975,e0773e33436e5e4e57932be02e49e3dd92f5acde0afaa105691fad2da394fec9
CSICobot,concerns_1,10,7,0,0,3,0,recorded,fa50431493ff440c9982d3766b7373c0,2026-10-08T06:53:19.653303,e0773e33436e5e4e57932be02e49e3dd92f5acde0afaa105691fad2da394fec9
ALMI,concerns_2,3,2,0,0,0,1,recorded,59101749aadd42cca1ffcad1683967ed,2026-10-08T06:49:23.314983,5083e8dbebfbcf31208651be8f9ab19c39dc13597b8ba95d7f5cef6c3e4b4941
ALMI,concerns_1,3,2,0,0,0,1,recorded,2f298393f90145538231ba935e6d850b,2026-10-08T06:47:34.054144,5083e8dbebfbcf31208651be8f9ab19c39dc13597b8ba95d7f5cef6c3e4b4941
ALMI,situational_conflicts_1,3,2,0,0,0,1,recorded,c05e45afaeb0430e8f32ad1fafbd01d0,2026-10-08T06:45:45.126011,5083e8dbebfbcf31208651be8f9ab19c39dc13597b8ba95d7f5cef6c3e4b4941
BSN,concerns_3,3,3,0,0,0,0,recorded,d0758d51b6894ada9c571dc0bebe7890,2026-10-08T06:42:06.298364,997d1dd5aadd381507bbf1ee8d43e586d9702dc0488c4d3305177ada35bcea1a
BSN,concerns_3,3,3,0,0,0,0,recorded,bb1b55f4e8494a43ad17478800419459,2026-10-08T06:41:20.326479,997d1dd5aadd381507bbf1ee8d43e586d9702dc0488c4d3305177ada35bcea1a
BSN,concerns_2,3,3,0,0,0,0,recorded,87fe2aebb463417a8a88b0986c4deef9,2026-10-08T06:39:20.863018,997d1dd5aadd381507bbf1ee8d43e586d9702dc0488c4d3305177ada35bcea1a
BSN,concerns_2,3,3,0,0,0,0,recorded,c4b3ec7cf622436189c4a0923ec90f14,2026-10-08T06:38:00.397445,997d1dd5aadd381507bbf1ee8d43e586d9702dc0488c4d3305177ada35bcea1a
BSN,concerns_2,3,3,0,0,0,0,recorded,638a96cb52c0440c8383c155ca04ba22,2026-10-08T06:35:52.708785,997d1dd5aadd381507bbf1ee8d43e586d9702dc0488c4d3305177ada35bcea1a
BSN,concerns_1,3,3,0,0,0,0,recorded,664775de48254640ba1a002fd7383d97,2026-10-08T06:34:22.683105,997d1dd5aadd381507bbf1ee8d43e586d9702dc0488c4d3305177ada35bcea1a
DressAssist,concerns_1,1,1,0,0,0,0,recorded,b53e97c8485949b8a1d82a90db979e80,2026-10-08T06:31:18.164294,6d2a1cf5ad75f8b6a16c1e449de7f1b85eac38eb5a2d58982630b8a365f69ea4
DPA,concerns_3,3,3,0,0,0,0,recorded,2529efc3fe42451e927b9acb236da734,2026-10-08T06:27:28.020172,4897cb8715b29e95af35f456049ab8735eeecc740581a7ee5c44a152aea04eab
DPA,concerns_2,3,3,0,0,0,0,recorded,75fddec3ef5343a4b4d92ebc988e944d,2026-10-08T06:25:42.530510,4897cb8715b29e95af35f456049ab8735eeecc740581a7ee5c44a152aea04eab
DPA,concerns_1,3,3,0,0,0,0,recorded,25ae0627fa3a44edb0b0fc2e508a70c7,2026-10-08T06:24:30.657162,4897cb8715b29e95af35f456049ab8735eeecc740581a7ee5c44a152aea04eab
SafeSCAD,redundancies_3,19,4,0,2,3,10,recorded,1c7e77a215cd4af2a379fd39dd5c4472,2026-10-08T06:19:03.649090,fa154cd4b7fd743238ba1b3ecb8df8a1f36d62c1358fda760ffc791e2cd119b2
SafeSCAD,redundancies_2,19,4,0,2,3,10,recorded,33c407722f1a4b859b22b5fc7195860f,2026-10-08T06:17:45.475266,fa154cd4b7fd743238ba1b3ecb8df8a1f36d62c1358fda760ffc791e2cd119b2
SafeSCAD,redundancies_1,19,4,0,2,3,10,recorded,78a68b22c6ac4a32b767b1ed585a43ff,2026-10-08T06:16:26.750258,fa154cd4b7fd743238ba1b3ecb8df8a1f36d62c1358fda760ffc791e2cd119b2
SafeSCAD,purpose_blocking_2,19,4,0,2,3,10,recorded,923e9adb301d46c4acd3127e413534fc,2026-10-08T06:13:56.775095,fa154cd4b7fd743238ba1b3ecb8df8a1f36d62c1358fda760ffc791e2cd119b2
SafeSCAD,purpose_blocking_1,19,4,0,2,3,10,recorded,6a591941f838471a90ec7a3d6bb01233,2026-10-08T06:11:49.795702,fa154cd4b7fd743238ba1b3ecb8df8a1f36d62c1358fda760ffc791e2cd119b2
SafeSCAD,concerns_4,19,4,0,2,3,10,recorded,1f98e47aef7a4776838fa0938ac1bb59,2026-10-08T06:11:04.125032,fa154cd4b7fd743238ba1b3ecb8df8a1f36d62c1358fda760ffc791e2cd119b2
SafeSCAD,concerns_3,19,4,0,2,3,10,recorded,f1c979d94b074be596f261ea16ff8b6e,2026-10-08T06:10:45.956631,fa154cd4b7fd743238ba1b3ecb8df8a1f36d62c1358fda760ffc791e2cd119b2
SafeSCAD,concerns_2,19,4,0,2,3,10,recorded,577c7633378b4663b069ac12624b253e,2026-10-08T06:10:12.122004,fa154cd4b7fd743238ba1b3ecb8df8a1f36d62c1358fda760ffc791e2cd119b2
SafeSCAD,concerns_1,19,4,0,2,3,10,recorded,afac0d5b0d1a41f2a0990301722b7586,2026-10-08T06:09:42.161355,fa154cd4b7fd743238ba1b3ecb8df8a1f36d62c1358fda760ffc791e2cd119b2
SafeSCAD,situational_conflicts_10,19,4,0,2,3,10,recorded,d866a4462f2b4914a1081d2748002978,2026-10-08T06:09:03.659511,fa154cd4b7fd743238ba1b3ecb8df8a1f36d62c1358fda760ffc791e2cd119b2
SafeSCAD,situational_conflicts_9,19,4,0,2,3,10,recorded,a87cc4981dc64edba8041e295ae73e4b,2026-10-08T06:06:18.498636,fa154cd4b7fd743238ba1b3ecb8df8a1f36d62c1358fda760ffc791e2cd119b2
SafeSCAD,situational_conflicts_8,19,4,0,2,3,10,recorded,306ce536a64b4bbcb4ccf3e0461acf3b,2026-10-08T06:04:26.072872,fa154cd4b7fd743238ba1b3ecb8df8a1f36d62c1358fda760ffc791e2cd119b2
SafeSCAD,situational_conflicts_7,19,4,0,2,3,10,recorded,a9d9f7212fa446228c4c38dc9b0da295,2026-10-08T06:03:47.435272,fa154cd4b7fd743238ba1b3ecb8df8a1f36d62c1358fda760ffc791e2cd119b2
SafeSCAD,situational_conflicts_6,19,4,0,2,3,10,recorded,36491e8c48a84f73a9b0659a8d80ae97,2026-10-08T06:02:42.938131,fa154cd4b7fd743238ba1b3ecb8df8a1f36d62c1358fda760ffc791e2cd119b2
SafeSCAD,situational_conflicts_5,19,4,0,2,3,10,recorded,db8939c6043047db931e108ff4647825,2026-10-08T06:00:54.579189,fa154cd4b7fd743238ba1b3ecb8df8a1f36d62c1358fda760ffc791e2cd119b2
SafeSCAD,situational_conflicts_4,19,4,0,2,3,10,recorded,d355559975664de08f24ead240c12975,2026-10-08T05:58:35.963554,fa154cd4b7fd743238ba1b3ecb8df8a1f36d62c1358fda760ffc791e2cd119b2
SafeSCAD,situational_conflicts_3,19,4,0,2,3,10,recorded,f7af4f04464e4337b4659bd23c82e87e,2026-10-08T05:56:39.978912,fa154cd4b7fd743238ba1b3ecb8df8a1f36d62c1358fda760ffc791e2cd119b2
SafeSCAD,situational_conflicts_2,19,4,0,2,3,10,recorded,0d86cbe258074b36a1c23ff3f2af7731,2026-10-08T05:53:59.219801,fa154cd4b7fd743238ba1b3ecb8df8a1f36d62c1358fda760ffc791e2cd119b2
SafeSCAD,situational_conflicts_2,19,4,0,2,3,10,recorded,ec6dc0d1ef3f4dd9b481b706c465ccbe,2026-10-08T05:53:59.117161,fa154cd4b7fd743238ba1b3ecb8df8a1f36d62c1358fda760ffc791e2cd119b2
SafeSCAD,situational_conflicts_1,19,4,0,2,3,10,recorded,de5be815d0d44e63864f8ae21729a541,2026-10-08T05:48:27.110914,fa154cd4b7fd743238ba1b3ecb8df8a1f36d62c1358fda760ffc791e2cd119b2
