Use Case,Issue ID,Issue Type,Successful,Attempts,Max Attempts,Original Issue Count,Verified Patch Count,Failed Patch Count,Generation Time (s),Validation Time (s),Total Time (s),Generated File,Input SHA256,Run ID,Timestamp
ASPEN,redundancies_1,redundancies,1,5,5,8,1,3,10.44,14.806,26.397,results/ASPEN/ASPEN_04033750502a498fa52ec31e9391aedf_SLEECPATCH.sleec,960ae33ef5a4ee8c22b230244cd2a2a7612c01004892205d97dd79f2ec10c1aa,04033750502a498fa52ec31e9391aedf,2026-10-08T07:50:09.755346
ASPEN,concerns_4,concerns,0,5,5,8,0,1,3.739,0,4.097,,960ae33ef5a4ee8c22b230244cd2a2a7612c01004892205d97dd79f2ec10c1aa,a079f0d7d48347d6b95d022112e48a1a,2026-10-08T07:49:18.847853
ASPEN,concerns_3,concerns,1,5,5,8,1,0,3.105,26.424,29.91,results/ASPEN/ASPEN_5e1e465080bb418588b59421be7bdfed_SLEECPATCH.sleec,960ae33ef5a4ee8c22b230244cd2a2a7612c01004892205d97dd79f2ec10c1aa,5e1e465080bb418588b59421be7bdfed,2026-10-08T07:48:54.621202
ASPEN,concerns_2,concerns,1,5,5,8,2,3,3.768,89.826,96.782,results/ASPEN/ASPEN_677159377da4431a95c42fbc7bb391cb_SLEECPATCH.sleec,960ae33ef5a4ee8c22b230244cd2a2a7612c01004892205d97dd79f2ec10c1aa,677159377da4431a95c42fbc7bb391cb,2026-10-08T07:47:49.850294
ASPEN,concerns_1,concerns,1,5,5,8,5,1,3.235,116.525,123.745,results/ASPEN/ASPEN_09146de29eb7412b877e7f23717815d7_SLEECPATCH.sleec,960ae33ef5a4ee8c22b230244cd2a2a7612c01004892205d97dd79f2ec10c1aa,09146de29eb7412b877e7f23717815d7,2026-10-08T07:45:41.055936
ASPEN,situational_conflicts_3,situational_conflicts,1,5,5,8,4,3,8.123,216.626,228.083,results/ASPEN/ASPEN_3e63700308d2492298cc00e859626c02_SLEECPATCH.sleec,960ae33ef5a4ee8c22b230244cd2a2a7612c01004892205d97dd79f2ec10c1aa,3e63700308d2492298cc00e859626c02,2026-10-08T07:42:56.149810
ASPEN,situational_conflicts_2,situational_conflicts,1,5,5,8,4,3,16.017,32.432,51.66,results/ASPEN/ASPEN_0c7da3ce7e8e409e8a81ee5c2225e65e_SLEECPATCH.sleec,960ae33ef5a4ee8c22b230244cd2a2a7612c01004892205d97dd79f2ec10c1aa,0c7da3ce7e8e409e8a81ee5c2225e65e,2026-10-08T07:38:20.626178
ASPEN,situational_conflicts_1,situational_conflicts,1,5,5,8,2,5,9.233,56.668,69.088,results/ASPEN/ASPEN_f531354e8c204198ad00f85ac8d013d2_SLEECPATCH.sleec,960ae33ef5a4ee8c22b230244cd2a2a7612c01004892205d97dd79f2ec10c1aa,f531354e8c204198ad00f85ac8d013d2,2026-10-08T07:36:57.294224
AutoCAR,redundancies_2,redundancies,1,5,5,9,1,4,9.029,35.699,48.406,results/AutoCAR/AutoCAR_8ba61e9f883c4ac88fdfd8e5b52a275f_SLEECPATCH.sleec,8c3604363ab89b9ec53420413e7dd16cac8128579434849ac93b0ef790e35e73,8ba61e9f883c4ac88fdfd8e5b52a275f,2026-10-08T07:32:30.534573
AutoCAR,redundancies_1,redundancies,1,5,5,9,1,4,13.006,35.547,52.228,results/AutoCAR/AutoCAR_78c5a0251d9347e8b6c2a8857eaf92a2_SLEECPATCH.sleec,8c3604363ab89b9ec53420413e7dd16cac8128579434849ac93b0ef790e35e73,78c5a0251d9347e8b6c2a8857eaf92a2,2026-10-08T07:30:55.502707
AutoCAR,concerns_7,concerns,0,5,5,9,0,1,4.915,21.867,27.797,,8c3604363ab89b9ec53420413e7dd16cac8128579434849ac93b0ef790e35e73,10297a6d35504f5d82d17e8c01c7a485,2026-10-08T07:29:37.039651
AutoCAR,concerns_6,concerns,0,5,5,9,0,1,4.978,20.346,26.445,,8c3604363ab89b9ec53420413e7dd16cac8128579434849ac93b0ef790e35e73,e8f7b566e2a24351b596a0fc1fb7b55f,2026-10-08T07:28:46.720118
AutoCAR,concerns_5,concerns,0,5,5,9,0,1,7.57,25.117,51.189,,8c3604363ab89b9ec53420413e7dd16cac8128579434849ac93b0ef790e35e73,6a6a7e9a2ff345ddaa40fd762e7dbb21,2026-10-08T07:27:58.033200
AutoCAR,concerns_3,concerns,1,5,5,9,2,0,5.031,66.933,74.532,results/AutoCAR/AutoCAR_3b79f30c38634ad7aed39cb113620936_SLEECPATCH.sleec,8c3604363ab89b9ec53420413e7dd16cac8128579434849ac93b0ef790e35e73,3b79f30c38634ad7aed39cb113620936,2026-10-08T07:25:10.664164
AutoCAR,concerns_2,concerns,0,5,5,9,0,1,4.917,19.976,25.967,,8c3604363ab89b9ec53420413e7dd16cac8128579434849ac93b0ef790e35e73,5a371626642644d6ac76f36b1b7c77bb,2026-10-08T07:23:35.255339
AutoCAR,concerns_1,concerns,0,5,5,9,0,1,4.5,20.798,26.415,,8c3604363ab89b9ec53420413e7dd16cac8128579434849ac93b0ef790e35e73,af62d883b69d4df093fdcf36816cc0b7,2026-10-08T07:22:51.145828
DAISY,redundancies_1,redundancies,1,5,5,8,1,3,10.532,52.129,64.126,results/DAISY/DAISY_e10e63644e8e4783af6b09b03f3bca93_SLEECPATCH.sleec,c1cb5631818359a982f85aa555016a41dfe66be06a69b48f457e4c645d21c12f,e10e63644e8e4783af6b09b03f3bca93,2026-10-08T07:18:41.857037
DAISY,concerns_5,concerns,1,5,5,8,1,0,3.506,46.367,50.407,results/DAISY/DAISY_3a2e0629c6d8402799797eb3b0aa2f0a_SLEECPATCH.sleec,c1cb5631818359a982f85aa555016a41dfe66be06a69b48f457e4c645d21c12f,3a2e0629c6d8402799797eb3b0aa2f0a,2026-10-08T07:17:00.206218
DAISY,concerns_4,concerns,1,5,5,8,1,0,5.795,22.16,28.495,results/DAISY/DAISY_374a09c8d3344079aac78fe20e5b64f5_SLEECPATCH.sleec,c1cb5631818359a982f85aa555016a41dfe66be06a69b48f457e4c645d21c12f,374a09c8d3344079aac78fe20e5b64f5,2026-10-08T07:15:31.775244
DAISY,concerns_3,concerns,0,5,5,8,0,1,3.713,21.163,25.343,,c1cb5631818359a982f85aa555016a41dfe66be06a69b48f457e4c645d21c12f,8aae0a60187447488992e37adb8dcea5,2026-10-08T07:14:47.371716
DAISY,concerns_2,concerns,1,5,5,8,1,0,3.886,20.43,24.855,results/DAISY/DAISY_9efb3ec33fc8422195bd3de4bc72a530_SLEECPATCH.sleec,c1cb5631818359a982f85aa555016a41dfe66be06a69b48f457e4c645d21c12f,9efb3ec33fc8422195bd3de4bc72a530,2026-10-08T07:13:41.090199
DAISY,concerns_1,concerns,1,5,5,8,1,2,8.109,81.001,91.318,results/DAISY/DAISY_24bd53275c2e41a5aa346c8f5ce16e76_SLEECPATCH.sleec,c1cb5631818359a982f85aa555016a41dfe66be06a69b48f457e4c645d21c12f,24bd53275c2e41a5aa346c8f5ce16e76,2026-10-08T07:12:39.646310
DAISY,situational_conflicts_2,situational_conflicts,1,5,5,8,4,3,8.575,0.552,13.115,results/DAISY/DAISY_d29ad7c2b87145698d77188dbcd35999_SLEECPATCH.sleec,c1cb5631818359a982f85aa555016a41dfe66be06a69b48f457e4c645d21c12f,d29ad7c2b87145698d77188dbcd35999,2026-10-08T07:08:45.187026
CSICobot,redundancies_3,redundancies,1,5,5,10,2,2,9.468,26.693,37.478,results/CSICobot/CSICobot_780d4135836e48c6aa2f837252556ae7_SLEECPATCH.sleec,e0773e33436e5e4e57932be02e49e3dd92f5acde0afaa105691fad2da394fec9,780d4135836e48c6aa2f837252556ae7,2026-10-08T07:04:14.998474
DAISY,situational_conflicts_1,situational_conflicts,1,5,5,8,5,2,8.949,76.018,116.271,results/DAISY/DAISY_075684b92d604af99a9545b11317dcd7_SLEECPATCH.sleec,c1cb5631818359a982f85aa555016a41dfe66be06a69b48f457e4c645d21c12f,075684b92d604af99a9545b11317dcd7,2026-10-08T07:03:04.993333
CSICobot,redundancies_2,redundancies,1,5,5,10,3,1,23.446,14.453,48.332,results/CSICobot/CSICobot_ea07d004f35844f9ac28dd5123172c1a_SLEECPATCH.sleec,e0773e33436e5e4e57932be02e49e3dd92f5acde0afaa105691fad2da394fec9,ea07d004f35844f9ac28dd5123172c1a,2026-10-08T07:02:40.399006
CSICobot,redundancies_2,redundancies,1,5,5,10,3,1,8.538,73.114,88.012,results/CSICobot/CSICobot_28fa48653e0f413ba4bc04d43e51d6d1_SLEECPATCH.sleec,e0773e33436e5e4e57932be02e49e3dd92f5acde0afaa105691fad2da394fec9,28fa48653e0f413ba4bc04d43e51d6d1,2026-10-08T07:01:36.776453
CSICobot,redundancies_1,redundancies,1,5,5,10,3,1,7.225,35.759,44.343,results/CSICobot/CSICobot_6e9871da5afc4102b5e012177c6f59c0_SLEECPATCH.sleec,e0773e33436e5e4e57932be02e49e3dd92f5acde0afaa105691fad2da394fec9,6e9871da5afc4102b5e012177c6f59c0,2026-10-08T06:59:35.218326
CSICobot,concerns_7,concerns,1,5,5,10,1,0,3.286,30.138,33.836,results/CSICobot/CSICobot_d5666bf90dc049c0a277887a5d057d6d_SLEECPATCH.sleec,e0773e33436e5e4e57932be02e49e3dd92f5acde0afaa105691fad2da394fec9,d5666bf90dc049c0a277887a5d057d6d,2026-10-08T06:58:27.980302
CSICobot,concerns_6,concerns,1,5,5,10,1,0,2.868,13.302,16.622,results/CSICobot/CSICobot_f79b4daf79b84fd68d409979019d6c72_SLEECPATCH.sleec,e0773e33436e5e4e57932be02e49e3dd92f5acde0afaa105691fad2da394fec9,f79b4daf79b84fd68d409979019d6c72,2026-10-08T06:57:32.980034
CSICobot,concerns_5,concerns,0,5,5,10,0,1,3.207,0,3.568,,e0773e33436e5e4e57932be02e49e3dd92f5acde0afaa105691fad2da394fec9,4eebeb8b339d4e5298e4af91695a9a5c,2026-10-08T06:56:49.077089
CSICobot,concerns_4,concerns,1,5,5,10,1,0,3.719,13.245,17.401,results/CSICobot/CSICobot_07f364894ad2457aa5e5068e0ac0b72f_SLEECPATCH.sleec,e0773e33436e5e4e57932be02e49e3dd92f5acde0afaa105691fad2da394fec9,07f364894ad2457aa5e5068e0ac0b72f,2026-10-08T06:56:19.082503
CSICobot,concerns_3,concerns,1,5,5,10,3,1,3.684,0.347,8.343,results/CSICobot/CSICobot_081d725b976847febe2ec7752c9e5013_SLEECPATCH.sleec,e0773e33436e5e4e57932be02e49e3dd92f5acde0afaa105691fad2da394fec9,081d725b976847febe2ec7752c9e5013,2026-10-08T06:55:17.271714
CSICobot,concerns_3,concerns,1,5,5,10,3,1,3.632,40.455,46.852,results/CSICobot/CSICobot_4d59ba161f08411ba54b930f294c966f_SLEECPATCH.sleec,e0773e33436e5e4e57932be02e49e3dd92f5acde0afaa105691fad2da394fec9,4d59ba161f08411ba54b930f294c966f,2026-10-08T06:55:15.238185
CSICobot,concerns_2,concerns,1,5,5,10,1,0,3.504,13.301,17.239,results/CSICobot/CSICobot_2270163f24fe4b699da9de024f595204_SLEECPATCH.sleec,e0773e33436e5e4e57932be02e49e3dd92f5acde0afaa105691fad2da394fec9,2270163f24fe4b699da9de024f595204,2026-10-08T06:54:00.402975
CSICobot,concerns_1,concerns,0,5,5,10,0,1,3.426,0,3.8,,e0773e33436e5e4e57932be02e49e3dd92f5acde0afaa105691fad2da394fec9,fa50431493ff440c9982d3766b7373c0,2026-10-08T06:53:19.653303
ALMI,concerns_2,concerns,1,5,5,3,4,0,3.743,65.855,73.101,results/ALMI/ALMI_59101749aadd42cca1ffcad1683967ed_SLEECPATCH.sleec,5083e8dbebfbcf31208651be8f9ab19c39dc13597b8ba95d7f5cef6c3e4b4941,59101749aadd42cca1ffcad1683967ed,2026-10-08T06:49:23.314983
ALMI,concerns_1,concerns,1,5,5,3,1,1,3.774,25.235,30.618,results/ALMI/ALMI_2f298393f90145538231ba935e6d850b_SLEECPATCH.sleec,5083e8dbebfbcf31208651be8f9ab19c39dc13597b8ba95d7f5cef6c3e4b4941,2f298393f90145538231ba935e6d850b,2026-10-08T06:47:34.054144
ALMI,situational_conflicts_1,situational_conflicts,1,5,5,3,1,3,10.915,23.036,35.673,results/ALMI/ALMI_c05e45afaeb0430e8f32ad1fafbd01d0_SLEECPATCH.sleec,5083e8dbebfbcf31208651be8f9ab19c39dc13597b8ba95d7f5cef6c3e4b4941,c05e45afaeb0430e8f32ad1fafbd01d0,2026-10-08T06:45:45.126011
BSN,concerns_3,concerns,0,5,5,3,0,1,3.538,0.602,4.847,,997d1dd5aadd381507bbf1ee8d43e586d9702dc0488c4d3305177ada35bcea1a,d0758d51b6894ada9c571dc0bebe7890,2026-10-08T06:42:06.298364
BSN,concerns_3,concerns,0,5,5,3,0,1,4.085,23.387,28.219,,997d1dd5aadd381507bbf1ee8d43e586d9702dc0488c4d3305177ada35bcea1a,bb1b55f4e8494a43ad17478800419459,2026-10-08T06:41:20.326479
BSN,concerns_2,concerns,1,5,5,3,1,1,4.455,0.795,7.1,results/BSN/BSN_87fe2aebb463417a8a88b0986c4deef9_SLEECPATCH.sleec,997d1dd5aadd381507bbf1ee8d43e586d9702dc0488c4d3305177ada35bcea1a,87fe2aebb463417a8a88b0986c4deef9,2026-10-08T06:39:20.863018
BSN,concerns_2,concerns,1,5,5,3,1,1,4.611,0.837,7.456,results/BSN/BSN_c4b3ec7cf622436189c4a0923ec90f14_SLEECPATCH.sleec,997d1dd5aadd381507bbf1ee8d43e586d9702dc0488c4d3305177ada35bcea1a,c4b3ec7cf622436189c4a0923ec90f14,2026-10-08T06:38:00.397445
BSN,concerns_2,concerns,1,5,5,3,1,1,5.203,53.864,60.915,results/BSN/BSN_638a96cb52c0440c8383c155ca04ba22_SLEECPATCH.sleec,997d1dd5aadd381507bbf1ee8d43e586d9702dc0488c4d3305177ada35bcea1a,638a96cb52c0440c8383c155ca04ba22,2026-10-08T06:35:52.708785
BSN,concerns_1,concerns,1,5,5,3,1,0,4.15,23.626,28.612,results/BSN/BSN_664775de48254640ba1a002fd7383d97_SLEECPATCH.sleec,997d1dd5aadd381507bbf1ee8d43e586d9702dc0488c4d3305177ada35bcea1a,664775de48254640ba1a002fd7383d97,2026-10-08T06:34:22.683105
DressAssist,concerns_1,concerns,1,5,5,1,1,0,3.566,10.811,15.049,results/DressAssist/DressAssist_b53e97c8485949b8a1d82a90db979e80_SLEECPATCH.sleec,6d2a1cf5ad75f8b6a16c1e449de7f1b85eac38eb5a2d58982630b8a365f69ea4,b53e97c8485949b8a1d82a90db979e80,2026-10-08T06:31:18.164294
DPA,concerns_3,concerns,1,5,5,3,1,2,5.294,36.848,46.018,results/DPA/DPA_2529efc3fe42451e927b9acb236da734_SLEECPATCH.sleec,4897cb8715b29e95af35f456049ab8735eeecc740581a7ee5c44a152aea04eab,2529efc3fe42451e927b9acb236da734,2026-10-08T06:27:28.020172
DPA,concerns_2,concerns,1,5,5,3,1,0,4.982,22.465,28.645,results/DPA/DPA_75fddec3ef5343a4b4d92ebc988e944d_SLEECPATCH.sleec,4897cb8715b29e95af35f456049ab8735eeecc740581a7ee5c44a152aea04eab,75fddec3ef5343a4b4d92ebc988e944d,2026-10-08T06:25:42.530510
DPA,concerns_1,concerns,1,5,5,3,1,2,4.983,45.319,54.085,results/DPA/DPA_25ae0627fa3a44edb0b0fc2e508a70c7_SLEECPATCH.sleec,4897cb8715b29e95af35f456049ab8735eeecc740581a7ee5c44a152aea04eab,25ae0627fa3a44edb0b0fc2e508a70c7,2026-10-08T06:24:30.657162
SafeSCAD,redundancies_3,redundancies,1,5,5,19,1,3,7.945,34.462,43.455,results/SafeSCAD/SafeSCAD_1c7e77a215cd4af2a379fd39dd5c4472_SLEECPATCH.sleec,fa154cd4b7fd743238ba1b3ecb8df8a1f36d62c1358fda760ffc791e2cd119b2,1c7e77a215cd4af2a379fd39dd5c4472,2026-10-08T06:19:03.649090
SafeSCAD,redundancies_2,redundancies,1,5,5,19,1,3,15.162,21.788,37.965,results/SafeSCAD/SafeSCAD_33c407722f1a4b859b22b5fc7195860f_SLEECPATCH.sleec,fa154cd4b7fd743238ba1b3ecb8df8a1f36d62c1358fda760ffc791e2cd119b2,33c407722f1a4b859b22b5fc7195860f,2026-10-08T06:17:45.475266
SafeSCAD,redundancies_1,redundancies,1,5,5,19,1,3,7.95,22.84,31.815,results/SafeSCAD/SafeSCAD_78a68b22c6ac4a32b767b1ed585a43ff_SLEECPATCH.sleec,fa154cd4b7fd743238ba1b3ecb8df8a1f36d62c1358fda760ffc791e2cd119b2,78a68b22c6ac4a32b767b1ed585a43ff,2026-10-08T06:16:26.750258
SafeSCAD,purpose_blocking_2,purpose_blocking,1,5,5,19,1,1,2.986,73.04,77.073,results/SafeSCAD/SafeSCAD_923e9adb301d46c4acd3127e413534fc_SLEECPATCH.sleec,fa154cd4b7fd743238ba1b3ecb8df8a1f36d62c1358fda760ffc791e2cd119b2,923e9adb301d46c4acd3127e413534fc,2026-10-08T06:13:56.775095
SafeSCAD,purpose_blocking_1,purpose_blocking,1,5,5,19,1,1,2.728,26.77,30.638,results/SafeSCAD/SafeSCAD_6a591941f838471a90ec7a3d6bb01233_SLEECPATCH.sleec,fa154cd4b7fd743238ba1b3ecb8df8a1f36d62c1358fda760ffc791e2cd119b2,6a591941f838471a90ec7a3d6bb01233,2026-10-08T06:11:49.795702
SafeSCAD,concerns_4,concerns,0,5,5,19,0,0,0.436,0,0.759,,fa154cd4b7fd743238ba1b3ecb8df8a1f36d62c1358fda760ffc791e2cd119b2,1f98e47aef7a4776838fa0938ac1bb59,2026-10-08T06:11:04.125032
SafeSCAD,concerns_3,concerns,0,5,5,19,0,0,0.459,0,0.778,,fa154cd4b7fd743238ba1b3ecb8df8a1f36d62c1358fda760ffc791e2cd119b2,f1c979d94b074be596f261ea16ff8b6e,2026-10-08T06:10:45.956631
SafeSCAD,concerns_2,concerns,0,5,5,19,0,0,0.536,0,0.899,,fa154cd4b7fd743238ba1b3ecb8df8a1f36d62c1358fda760ffc791e2cd119b2,577c7633378b4663b069ac12624b253e,2026-10-08T06:10:12.122004
SafeSCAD,concerns_1,concerns,0,5,5,19,0,0,0.454,0,0.776,,fa154cd4b7fd743238ba1b3ecb8df8a1f36d62c1358fda760ffc791e2cd119b2,afac0d5b0d1a41f2a0990301722b7586,2026-10-08T06:09:42.161355
SafeSCAD,situational_conflicts_10,situational_conflicts,1,5,5,19,2,7,8.487,143.931,156.724,results/SafeSCAD/SafeSCAD_d866a4462f2b4914a1081d2748002978_SLEECPATCH.sleec,fa154cd4b7fd743238ba1b3ecb8df8a1f36d62c1358fda760ffc791e2cd119b2,d866a4462f2b4914a1081d2748002978,2026-10-08T06:09:03.659511
SafeSCAD,situational_conflicts_9,situational_conflicts,1,5,5,19,3,2,16.607,49.668,68.081,results/SafeSCAD/SafeSCAD_a87cc4981dc64edba8041e295ae73e4b_SLEECPATCH.sleec,fa154cd4b7fd743238ba1b3ecb8df8a1f36d62c1358fda760ffc791e2cd119b2,a87cc4981dc64edba8041e295ae73e4b,2026-10-08T06:06:18.498636
SafeSCAD,situational_conflicts_8,situational_conflicts,0,5,5,19,0,5,9.191,0.19,11.103,,fa154cd4b7fd743238ba1b3ecb8df8a1f36d62c1358fda760ffc791e2cd119b2,306ce536a64b4bbcb4ccf3e0461acf3b,2026-10-08T06:04:26.072872
SafeSCAD,situational_conflicts_7,situational_conflicts,1,5,5,19,3,2,8.453,28.847,39.035,results/SafeSCAD/SafeSCAD_a9d9f7212fa446228c4c38dc9b0da295_SLEECPATCH.sleec,fa154cd4b7fd743238ba1b3ecb8df8a1f36d62c1358fda760ffc791e2cd119b2,a9d9f7212fa446228c4c38dc9b0da295,2026-10-08T06:03:47.435272
SafeSCAD,situational_conflicts_6,situational_conflicts,1,5,5,19,3,2,10.91,29.13,41.796,results/SafeSCAD/SafeSCAD_36491e8c48a84f73a9b0659a8d80ae97_SLEECPATCH.sleec,fa154cd4b7fd743238ba1b3ecb8df8a1f36d62c1358fda760ffc791e2cd119b2,36491e8c48a84f73a9b0659a8d80ae97,2026-10-08T06:02:42.938131
SafeSCAD,situational_conflicts_5,situational_conflicts,1,5,5,19,3,2,9.044,55.013,65.911,results/SafeSCAD/SafeSCAD_db8939c6043047db931e108ff4647825_SLEECPATCH.sleec,fa154cd4b7fd743238ba1b3ecb8df8a1f36d62c1358fda760ffc791e2cd119b2,db8939c6043047db931e108ff4647825,2026-10-08T06:00:54.579189
SafeSCAD,situational_conflicts_4,situational_conflicts,1,5,5,19,2,5,8.861,46.752,62.341,results/SafeSCAD/SafeSCAD_d355559975664de08f24ead240c12975_SLEECPATCH.sleec,fa154cd4b7fd743238ba1b3ecb8df8a1f36d62c1358fda760ffc791e2cd119b2,d355559975664de08f24ead240c12975,2026-10-08T05:58:35.963554
SafeSCAD,situational_conflicts_3,situational_conflicts,1,5,5,19,2,3,8.239,26.687,36.629,results/SafeSCAD/SafeSCAD_f7af4f04464e4337b4659bd23c82e87e_SLEECPATCH.sleec,fa154cd4b7fd743238ba1b3ecb8df8a1f36d62c1358fda760ffc791e2cd119b2,f7af4f04464e4337b4659bd23c82e87e,2026-10-08T05:56:39.978912
SafeSCAD,situational_conflicts_2,situational_conflicts,1,5,5,19,2,5,8.671,264.491,277.094,results/SafeSCAD/SafeSCAD_0d86cbe258074b36a1c23ff3f2af7731_SLEECPATCH.sleec,fa154cd4b7fd743238ba1b3ecb8df8a1f36d62c1358fda760ffc791e2cd119b2,0d86cbe258074b36a1c23ff3f2af7731,2026-10-08T05:53:59.219801
SafeSCAD,situational_conflicts_2,situational_conflicts,1,5,5,19,2,5,8.508,229.482,260.687,results/SafeSCAD/SafeSCAD_ec6dc0d1ef3f4dd9b481b706c465ccbe_SLEECPATCH.sleec,fa154cd4b7fd743238ba1b3ecb8df8a1f36d62c1358fda760ffc791e2cd119b2,ec6dc0d1ef3f4dd9b481b706c465ccbe,2026-10-08T05:53:59.117161
SafeSCAD,situational_conflicts_1,situational_conflicts,1,5,5,19,2,3,10.005,41.898,53.753,results/SafeSCAD/SafeSCAD_de5be815d0d44e63864f8ae21729a541_SLEECPATCH.sleec,fa154cd4b7fd743238ba1b3ecb8df8a1f36d62c1358fda760ffc791e2cd119b2,de5be815d0d44e63864f8ae21729a541,2026-10-08T05:48:27.110914
