use_case,file,wfi_type,wfi_index,wfi_fingerprint,operator,applicable,generated,status,patch_id,source,target_rule_id,original_rule,missing_element,proposed_rule,syntax_valid,semantic_validation_passed,semantic_warning,semantic_warning_reason,vocabulary_grounded,diagnosis_aligned,operator_valid,temporal_alignment,target_fixed,new_issue_count,new_issues_introduced,regression_passed,formally_verified,verified,failure_reason,natural_language_explanation,error
ALMI,ALMI.sleec,concerns,1,concerns:c1,defeater_introduction,False,False,VERIFIED,d_concern_defeater_R3,deterministic,R3,R3 when HumanOnFloor then CallEmergencyServices unless (not {humanAssents}) then not CallEmergencyServices,,R3 when HumanOnFloor then CallEmergencyServices unless ((not {humanAssents}) and ((not {userOccupied}) or ({riskLevel} <> high))) then not CallEmergencyServices,True,False,False,,False,False,False,False,True,0,False,True,True,True,,Refine the affected rule's defeater using the diagnosis-grounded context so the undesirable concern response is not enabled in that context.,
ALMI,ALMI.sleec,concerns,2,concerns:c4,trigger_strengthening,False,False,REJECTED,d_strengthen_R21,deterministic,R21,R21 when SmokeDetectorAlarm then CallEmergencyServices within 5 minutes unless ({userDisablesAlarm} and (not {alarmRestarts})) then FireSafetyMeasures,,R21 when SmokeDetectorAlarm and ((not {userDisablesAlarm}) or {alarmRestarts}) then CallEmergencyServices within 5 minutes unless ({userDisablesAlarm} and (not {alarmRestarts})) then FireSafetyMeasures,True,False,False,,False,False,False,False,False,0,False,False,False,False,target issue not fixed,"Strengthen the original trigger using additional context identified by the WFI diagnosis while preserving the original response, temporal constraint, and defeater.",
ALMI,ALMI.sleec,concerns,2,concerns:c4,defeater_introduction,True,False,NOT_GENERATED,,deterministic,,,,,False,False,False,,False,False,False,False,False,0,False,False,False,False,,,
ALMI,ALMI.sleec,concerns,2,concerns:c4,rule_decomposition,True,False,NOT_GENERATED,,deterministic,,,,,False,False,False,,False,False,False,False,False,0,False,False,False,False,,,
ALMI,ALMI.sleec,concerns,2,concerns:c4,temporal_refinement,False,False,VERIFIED,d_temporal_R21,deterministic,R21,R21 when SmokeDetectorAlarm then CallEmergencyServices within 5 minutes unless ({userDisablesAlarm} and (not {alarmRestarts})) then FireSafetyMeasures,,R21 when SmokeDetectorAlarm then CallEmergencyServices within 2 minutes unless ({userDisablesAlarm} and (not {alarmRestarts})) then FireSafetyMeasures,True,False,False,,False,False,False,False,True,0,False,True,True,True,,"Temporal Restriction: change only the temporal bound from within 5 minutes to within 2 minutes, preserving the rule trigger, response, polarity, and defeater.",
ASPEN,aspen.sleec,concerns,1,concerns:c4,defeater_introduction,True,False,NOT_GENERATED,,deterministic,,,,,False,False,False,,False,False,False,False,False,0,False,False,False,False,,,
ASPEN,aspen.sleec,concerns,2,concerns:c5,defeater_introduction,False,False,REJECTED,d_concern_defeater_R4,deterministic,R4,R4 when PreparingDrone and {onIndigenousLand} then not DeployDrone unless {landTreatyInPlace} then DeployDrone,,R4 when PreparingDrone and {onIndigenousLand} then not DeployDrone unless ({landTreatyInPlace} and ({flightCondition} <> dangerous)) then DeployDrone,True,False,False,,False,False,False,False,False,0,False,False,False,False,target issue not fixed,Refine the affected rule's defeater using the diagnosis-grounded context so the undesirable concern response is not enabled in that context.,
ASPEN,aspen.sleec,concerns,3,concerns:c7,trigger_strengthening,True,False,NOT_GENERATED,,deterministic,,,,,False,False,False,,False,False,False,False,False,0,False,False,False,False,,,
ASPEN,aspen.sleec,concerns,3,concerns:c7,defeater_introduction,True,False,NOT_GENERATED,,deterministic,,,,,False,False,False,,False,False,False,False,False,0,False,False,False,False,,,
ASPEN,aspen.sleec,concerns,3,concerns:c7,rule_decomposition,True,False,NOT_GENERATED,,deterministic,,,,,False,False,False,,False,False,False,False,False,0,False,False,False,False,,,
ASPEN,aspen.sleec,concerns,4,concerns:c8,trigger_strengthening,True,False,NOT_GENERATED,,deterministic,,,,,False,False,False,,False,False,False,False,False,0,False,False,False,False,,,
ASPEN,aspen.sleec,concerns,4,concerns:c8,defeater_introduction,True,False,NOT_GENERATED,,deterministic,,,,,False,False,False,,False,False,False,False,False,0,False,False,False,False,,,
ASPEN,aspen.sleec,concerns,4,concerns:c8,rule_decomposition,True,False,NOT_GENERATED,,deterministic,,,,,False,False,False,,False,False,False,False,False,0,False,False,False,False,,,
AutoCAR,Autocar.sleec,concerns,1,concerns:c1,defeater_introduction,True,False,NOT_GENERATED,,deterministic,,,,,False,False,False,,False,False,False,False,False,0,False,False,False,False,,,
AutoCAR,Autocar.sleec,concerns,2,concerns:c2,defeater_introduction,True,False,NOT_GENERATED,,deterministic,,,,,False,False,False,,False,False,False,False,False,0,False,False,False,False,,,
AutoCAR,Autocar.sleec,concerns,3,concerns:c4,defeater_introduction,True,False,NOT_GENERATED,,deterministic,,,,,False,False,False,,False,False,False,False,False,0,False,False,False,False,,,
AutoCAR,Autocar.sleec,concerns,4,concerns:c5,defeater_introduction,True,False,NOT_GENERATED,,deterministic,,,,,False,False,False,,False,False,False,False,False,0,False,False,False,False,,,
AutoCAR,Autocar.sleec,concerns,5,concerns:c6,defeater_introduction,True,False,NOT_GENERATED,,deterministic,,,,,False,False,False,,False,False,False,False,False,0,False,False,False,False,,,
AutoCAR,Autocar.sleec,concerns,6,concerns:c10,defeater_introduction,True,False,NOT_GENERATED,,deterministic,,,,,False,False,False,,False,False,False,False,False,0,False,False,False,False,,,
AutoCAR,Autocar.sleec,concerns,7,concerns:c12,defeater_introduction,True,False,NOT_GENERATED,,deterministic,,,,,False,False,False,,False,False,False,False,False,0,False,False,False,False,,,
BSN,BSN.sleec,concerns,1,concerns:c2,defeater_introduction,True,False,NOT_GENERATED,,deterministic,,,,,False,False,False,,False,False,False,False,False,0,False,False,False,False,,,
BSN,BSN.sleec,concerns,2,concerns:c8,defeater_introduction,True,False,NOT_GENERATED,,deterministic,,,,,False,False,False,,False,False,False,False,False,0,False,False,False,False,,,
BSN,BSN.sleec,concerns,3,concerns:c9,defeater_introduction,True,False,NOT_GENERATED,,deterministic,,,,,False,False,False,,False,False,False,False,False,0,False,False,False,False,,,
CSI,CSI.sleec,concerns,1,concerns:c1,defeater_introduction,True,False,NOT_GENERATED,,deterministic,,,,,False,False,False,,False,False,False,False,False,0,False,False,False,False,,,
CSI,CSI.sleec,concerns,2,concerns:c2,defeater_introduction,True,False,NOT_GENERATED,,deterministic,,,,,False,False,False,,False,False,False,False,False,0,False,False,False,False,,,
CSI,CSI.sleec,concerns,3,concerns:c3,defeater_introduction,True,False,NOT_GENERATED,,deterministic,,,,,False,False,False,,False,False,False,False,False,0,False,False,False,False,,,
CSI,CSI.sleec,concerns,4,concerns:c4,defeater_introduction,True,False,NOT_GENERATED,,deterministic,,,,,False,False,False,,False,False,False,False,False,0,False,False,False,False,,,
CSI,CSI.sleec,concerns,5,concerns:c5,defeater_introduction,True,False,NOT_GENERATED,,deterministic,,,,,False,False,False,,False,False,False,False,False,0,False,False,False,False,,,
CSI,CSI.sleec,concerns,7,concerns:c7,defeater_introduction,True,False,NOT_GENERATED,,deterministic,,,,,False,False,False,,False,False,False,False,False,0,False,False,False,False,,,
DAISY,Daisy.sleec,concerns,1,concerns:c1,defeater_introduction,True,False,NOT_GENERATED,,deterministic,,,,,False,False,False,,False,False,False,False,False,0,False,False,False,False,,,
DAISY,Daisy.sleec,concerns,3,concerns:c3,defeater_introduction,True,False,NOT_GENERATED,,deterministic,,,,,False,False,False,,False,False,False,False,False,0,False,False,False,False,,,
DAISY,Daisy.sleec,concerns,4,concerns:c5,defeater_introduction,True,False,NOT_GENERATED,,deterministic,,,,,False,False,False,,False,False,False,False,False,0,False,False,False,False,,,
DAISY,Daisy.sleec,concerns,5,concerns:c6,defeater_introduction,True,False,NOT_GENERATED,,deterministic,,,,,False,False,False,,False,False,False,False,False,0,False,False,False,False,,,
DPA,DPA.sleec,concerns,1,concerns:c4,defeater_introduction,True,False,NOT_GENERATED,,deterministic,,,,,False,False,False,,False,False,False,False,False,0,False,False,False,False,,,
DPA,DPA.sleec,concerns,2,concerns:c5,defeater_introduction,True,False,NOT_GENERATED,,deterministic,,,,,False,False,False,,False,False,False,False,False,0,False,False,False,False,,,
DPA,DPA.sleec,concerns,3,concerns:c9,defeater_introduction,True,False,NOT_GENERATED,,deterministic,,,,,False,False,False,,False,False,False,False,False,0,False,False,False,False,,,
DressAssist,DRESSASSIST.sleec,concerns,1,concerns:c5,defeater_introduction,True,False,NOT_GENERATED,,deterministic,,,,,False,False,False,,False,False,False,False,False,0,False,False,False,False,,,
