actions_refined,attempts,capabilities_refined,conditions_refined,defeaters_added,expert_match,expert_similarity,id,issue_id,issue_type,natural_language_explanation,operation,original_rule,patch_id,philosopher_comments,philosopher_decision,proposed_rule,requires_social_scientist_review,review_timestamp,rules_added,rules_deleted,rules_modified,source,target_rule_id,timestamp,total_time_seconds,use_case,verified,review_decision,reviewed,verified_bool,source_norm
0,5,0,1,0,0,0.0,152,concerns_3,concerns,Split the related rule into context-specific branches for the concern.,rule_decomposition,Rule13_1 when UserWantsToRemoveSensors and (not {caregiverConsent}) then not RemoveSensors,d_decompose_Rule13_1,,,"Rule13_1_1 when UserWantsToRemoveSensors and (not {caregiverConsent}) and (UserWantsToRemoveSensors) then not RemoveSensors
Rule13_1_2 when UserWantsToRemoveSensors and (not {caregiverConsent}) and not (UserWantsToRemoveSensors) then not RemoveSensors",0,,1,0,1,deterministic,Rule13_1,2026-07-01T04:45:24.064895,35.038,BSN,1,pending,False,True,deterministic
0,5,0,1,0,0,0.0,151,concerns_3,concerns,Strengthen the rule trigger using the concern context identified by the diagnosis.,trigger_strengthening,Rule13_1 when UserWantsToRemoveSensors and (not {caregiverConsent}) then not RemoveSensors,d_strengthen_Rule13_1,,,Rule13_1 when UserWantsToRemoveSensors and (not {caregiverConsent}) and (UserWantsToRemoveSensors) then not RemoveSensors,0,,0,0,1,deterministic,Rule13_1,2026-07-01T04:45:23.686213,35.038,BSN,1,pending,False,True,deterministic
0,5,0,0,1,0,0.0,150,concerns_3,concerns,Add the concern context as an explicit exception to the related rule.,defeater_introduction,Rule13_1 when UserWantsToRemoveSensors and (not {caregiverConsent}) then not RemoveSensors,d_concern_defeater_Rule13_1,,,Rule13_1 when UserWantsToRemoveSensors and (not {caregiverConsent}) then not RemoveSensors unless {UserWantsToRemoveSensors},0,,0,0,1,deterministic,Rule13_1,2026-07-01T04:45:23.307602,35.038,BSN,1,pending,False,True,deterministic
0,5,0,1,0,0,0.0,147,concerns_2,concerns,Split the related rule into context-specific branches for the concern.,rule_decomposition,Rule12 when DataCollected and (not {dataNeededForTraining}) then DeleteData unless {dataNeededForTraining} then AnonymizeData,d_decompose_Rule12,,,"Rule12_1 when DataCollected and (not {dataNeededForTraining}) and (DataCollected) then DeleteData unless ({dataNeededForTraining} then AnonymizeData)
Rule12_2 when DataCollected and (not {dataNeededForTraining}) and not (DataCollected) then DeleteData unless ({dataNeededForTraining} then AnonymizeData)",0,,1,0,1,deterministic,Rule12,2026-07-01T04:44:31.864933,11.518,BSN,1,pending,False,True,deterministic
0,5,0,1,0,0,0.0,146,concerns_2,concerns,Strengthen the rule trigger using the concern context identified by the diagnosis.,trigger_strengthening,Rule12 when DataCollected and (not {dataNeededForTraining}) then DeleteData unless {dataNeededForTraining} then AnonymizeData,d_strengthen_Rule12,,,Rule12 when DataCollected and (not {dataNeededForTraining}) and (DataCollected) then DeleteData unless ({dataNeededForTraining} then AnonymizeData),0,,0,0,1,deterministic,Rule12,2026-07-01T04:44:31.508687,11.518,BSN,1,pending,False,True,deterministic
0,5,0,0,1,0,0.0,145,concerns_2,concerns,Add the concern context as an explicit exception to the related rule.,defeater_introduction,Rule12 when DataCollected and (not {dataNeededForTraining}) then DeleteData unless {dataNeededForTraining} then AnonymizeData,d_concern_defeater_Rule12,,,Rule12 when DataCollected and (not {dataNeededForTraining}) then DeleteData unless ({dataNeededForTraining} then AnonymizeData OR DataCollected),0,,0,0,1,deterministic,Rule12,2026-07-01T04:44:31.163213,11.518,BSN,1,pending,False,True,deterministic
0,5,0,1,0,0,0.0,142,concerns_1,concerns,Split the related rule into context-specific branches for the concern.,rule_decomposition,Rule1 when PatientAsleep and ((({patientDiscomfort} = low) or ({patientDiscomfort} = moderate)) or ({patientDiscomfort} = high)) then TrackVitals unless ({canDeactivate} and ({patientDiscomfort} > low)) then CaregiverCanDeactivate,d_decompose_Rule1,,,"Rule1_1 when PatientAsleep and ((({patientDiscomfort} = low) or ({patientDiscomfort} = moderate)) or ({patientDiscomfort} = high)) and (TrackVitals and {canDeactivate} and {patientDiscomfort} > low) then TrackVitals unless (({canDeactivate} and ({patientDiscomfort} > low)) then CaregiverCanDeactivate)
Rule1_2 when PatientAsleep and ((({patientDiscomfort} = low) or ({patientDiscomfort} = moderate)) or ({patientDiscomfort} = high)) and not (TrackVitals and {canDeactivate} and {patientDiscomfort} > low) then TrackVitals unless (({canDeactivate} and ({patientDiscomfort} > low)) then CaregiverCanDeactivate)",0,,1,0,1,deterministic,Rule1,2026-07-01T04:43:35.719965,36.362,BSN,1,pending,False,True,deterministic
0,5,0,1,0,0,0.0,141,concerns_1,concerns,Strengthen the rule trigger using the concern context identified by the diagnosis.,trigger_strengthening,Rule1 when PatientAsleep and ((({patientDiscomfort} = low) or ({patientDiscomfort} = moderate)) or ({patientDiscomfort} = high)) then TrackVitals unless ({canDeactivate} and ({patientDiscomfort} > low)) then CaregiverCanDeactivate,d_strengthen_Rule1,,,Rule1 when PatientAsleep and ((({patientDiscomfort} = low) or ({patientDiscomfort} = moderate)) or ({patientDiscomfort} = high)) and (TrackVitals and {canDeactivate} and {patientDiscomfort} > low) then TrackVitals unless (({canDeactivate} and ({patientDiscomfort} > low)) then CaregiverCanDeactivate),0,,0,0,1,deterministic,Rule1,2026-07-01T04:43:35.342233,36.362,BSN,1,pending,False,True,deterministic
0,5,0,0,1,0,0.0,140,concerns_1,concerns,Add the concern context as an explicit exception to the related rule.,defeater_introduction,Rule1 when PatientAsleep and ((({patientDiscomfort} = low) or ({patientDiscomfort} = moderate)) or ({patientDiscomfort} = high)) then TrackVitals unless ({canDeactivate} and ({patientDiscomfort} > low)) then CaregiverCanDeactivate,d_concern_defeater_Rule1,,,Rule1 when PatientAsleep and ((({patientDiscomfort} = low) or ({patientDiscomfort} = moderate)) or ({patientDiscomfort} = high)) then TrackVitals unless (({canDeactivate} and ({patientDiscomfort} > low)) then CaregiverCanDeactivate OR TrackVitals and {canDeactivate} and {patientDiscomfort} > low),0,,0,0,1,deterministic,Rule1,2026-07-01T04:43:34.959651,36.362,BSN,1,pending,False,True,deterministic
0,5,0,1,0,0,0.0,135,redundancies_1,redundancies,Propagate the defeater of R22 into its trigger so the rule is explicit about when it applies.,defeater_propagation,"R22 when SystemReady then not RecordPeople
unless {peopleConsentObtained}",d_propagate_R22,,,R22 when SystemReady and not (peopleConsentObtained) then not RecordPeople,0,,0,0,1,deterministic,R22,2026-07-01T02:40:19.140784,18.441,AutoCAR,1,pending,False,True,deterministic
0,5,0,0,0,0,0.0,134,redundancies_1,redundancies,Merge R22 with the equivalent rule to avoid redundancy.,rule_merging,"R22 when SystemReady then not RecordPeople
unless {peopleConsentObtained}",d_merge_R22,,,R22 when SystemReady then not RecordPeople unless {peopleConsentObtained},0,,0,0,1,deterministic,R22,2026-07-01T02:40:17.633734,18.441,AutoCAR,1,pending,False,True,deterministic
0,5,0,0,0,0,0.0,133,redundancies_1,redundancies,Remove R22 because it is redundant.,rule_removal,"R22 when SystemReady then not RecordPeople
unless {peopleConsentObtained}",d_remove_R22,,,,0,,0,1,0,deterministic,R22,2026-07-01T02:40:17.243478,18.441,AutoCAR,1,pending,False,True,deterministic
0,5,0,1,0,0,0.0,129,concerns_3,concerns,Split the related rule into context-specific branches for the concern.,rule_decomposition,"R21 when EvaluateSecurity then PassSecurity
unless ({personalData} and ((((({typesOfRisk} = dataDestruction) or ({typesOfRisk} =  dataLoss))
or ({typesOfRisk} = dataAlter)) or ({typesOfRisk} = unauthDataAccess) ) and ({riskLevel} > low)))
then InformController",d_decompose_R21,,,"R21_1 when EvaluateSecurity and ({personalData} and {typesOfRisk} = dataDestruction or {typesOfRisk} = dataLoss or {typesOfRisk} = dataAlter or {typesOfRisk} = unauthDataAccess and {riskLevel} > low) then PassSecurity unless (({personalData} and ((((({typesOfRisk} = dataDestruction) or ({typesOfRisk} = dataLoss)) or ({typesOfRisk} = dataAlter)) or ({typesOfRisk} = unauthDataAccess) ) and ({riskLevel} > low))))
R21_2 when EvaluateSecurity and not ({personalData} and {typesOfRisk} = dataDestruction or {typesOfRisk} = dataLoss or {typesOfRisk} = dataAlter or {typesOfRisk} = unauthDataAccess and {riskLevel} > low) then PassSecurity unless (({personalData} and ((((({typesOfRisk} = dataDestruction) or ({typesOfRisk} = dataLoss)) or ({typesOfRisk} = dataAlter)) or ({typesOfRisk} = unauthDataAccess) ) and ({riskLevel} > low))))",0,,1,0,1,deterministic,R21,2026-07-01T02:35:52.144746,14.509,DPA,1,pending,False,True,deterministic
0,5,0,1,0,0,0.0,128,concerns_3,concerns,Strengthen the rule trigger using the concern context identified by the diagnosis.,trigger_strengthening,"R21 when EvaluateSecurity then PassSecurity
unless ({personalData} and ((((({typesOfRisk} = dataDestruction) or ({typesOfRisk} =  dataLoss))
or ({typesOfRisk} = dataAlter)) or ({typesOfRisk} = unauthDataAccess) ) and ({riskLevel} > low)))
then InformController",d_strengthen_R21,,,R21 when EvaluateSecurity and ({personalData} and {typesOfRisk} = dataDestruction or {typesOfRisk} = dataLoss or {typesOfRisk} = dataAlter or {typesOfRisk} = unauthDataAccess and {riskLevel} > low) then PassSecurity unless (({personalData} and ((((({typesOfRisk} = dataDestruction) or ({typesOfRisk} = dataLoss)) or ({typesOfRisk} = dataAlter)) or ({typesOfRisk} = unauthDataAccess) ) and ({riskLevel} > low)))),0,,0,0,1,deterministic,R21,2026-07-01T02:35:51.795885,14.509,DPA,1,pending,False,True,deterministic
0,5,0,0,1,0,0.0,127,concerns_3,concerns,Add the concern context as an explicit exception to the related rule.,defeater_introduction,"R21 when EvaluateSecurity then PassSecurity
unless ({personalData} and ((((({typesOfRisk} = dataDestruction) or ({typesOfRisk} =  dataLoss))
or ({typesOfRisk} = dataAlter)) or ({typesOfRisk} = unauthDataAccess) ) and ({riskLevel} > low)))
then InformController",d_concern_defeater_R21,,,R21 when EvaluateSecurity then PassSecurity unless (({personalData} and ((((({typesOfRisk} = dataDestruction) or ({typesOfRisk} = dataLoss)) or ({typesOfRisk} = dataAlter)) or ({typesOfRisk} = unauthDataAccess) ) and ({riskLevel} > low))) OR {personalData} and {typesOfRisk} = dataDestruction or {typesOfRisk} = dataLoss or {typesOfRisk} = dataAlter or {typesOfRisk} = unauthDataAccess and {riskLevel} > low),0,,0,0,1,deterministic,R21,2026-07-01T02:35:51.458374,14.509,DPA,1,pending,False,True,deterministic
0,5,0,1,0,0,0.0,124,concerns_2,concerns,Split the related rule into context-specific branches for the concern.,rule_decomposition,R11 when DataBreach then InformSubject,d_decompose_R11,,,"R11_1 when DataBreach and (RightsRequested) then InformSubject
R11_2 when DataBreach and not (RightsRequested) then InformSubject",0,,1,0,1,deterministic,R11,2026-07-01T02:34:52.087315,10.913,DPA,1,pending,False,True,deterministic
0,5,0,1,0,0,0.0,123,concerns_2,concerns,Strengthen the rule trigger using the concern context identified by the diagnosis.,trigger_strengthening,R11 when DataBreach then InformSubject,d_strengthen_R11,,,R11 when DataBreach and (RightsRequested) then InformSubject,0,,0,0,1,deterministic,R11,2026-07-01T02:34:51.695918,10.913,DPA,1,pending,False,True,deterministic
0,5,0,0,1,0,0.0,122,concerns_2,concerns,Add the concern context as an explicit exception to the related rule.,defeater_introduction,R11 when DataBreach then InformSubject,d_concern_defeater_R11,,,R11 when DataBreach then InformSubject unless {RightsRequested},0,,0,0,1,deterministic,R11,2026-07-01T02:34:50.949741,10.913,DPA,1,pending,False,True,deterministic
0,5,0,1,0,0,0.0,119,concerns_1,concerns,Split the related rule into context-specific branches for the concern.,rule_decomposition,"R3 when DPAUpdate then EngageSubProcessor
unless ((not {specificControllerAuth}) or (not {genControllerAuth})) then ObtainControllerConsent",d_decompose_R3,,,"R3_1 when DPAUpdate and (not {specificControllerAuth} or not {genControllerAuth}) then EngageSubProcessor unless (((not {specificControllerAuth}) or (not {genControllerAuth})))
R3_2 when DPAUpdate and not (not {specificControllerAuth} or not {genControllerAuth}) then EngageSubProcessor unless (((not {specificControllerAuth}) or (not {genControllerAuth})))",0,,1,0,1,deterministic,R3,2026-07-01T02:34:01.535006,14.819,DPA,1,pending,False,True,deterministic
0,5,0,1,0,0,0.0,118,concerns_1,concerns,Strengthen the rule trigger using the concern context identified by the diagnosis.,trigger_strengthening,"R3 when DPAUpdate then EngageSubProcessor
unless ((not {specificControllerAuth}) or (not {genControllerAuth})) then ObtainControllerConsent",d_strengthen_R3,,,R3 when DPAUpdate and (not {specificControllerAuth} or not {genControllerAuth}) then EngageSubProcessor unless (((not {specificControllerAuth}) or (not {genControllerAuth}))),0,,0,0,1,deterministic,R3,2026-07-01T02:34:01.184252,14.819,DPA,1,pending,False,True,deterministic
0,5,0,0,1,0,0.0,117,concerns_1,concerns,Add the concern context as an explicit exception to the related rule.,defeater_introduction,"R3 when DPAUpdate then EngageSubProcessor
unless ((not {specificControllerAuth}) or (not {genControllerAuth})) then ObtainControllerConsent",d_concern_defeater_R3,,,R3 when DPAUpdate then EngageSubProcessor unless (((not {specificControllerAuth}) or (not {genControllerAuth})) OR not {specificControllerAuth} or not {genControllerAuth}),0,,0,0,1,deterministic,R3,2026-07-01T02:34:00.818196,14.819,DPA,1,pending,False,True,deterministic
0,5,0,1,0,0,0.0,114,situational_conflicts_1,situational_conflicts,Split the first conflicting rule around the second rule's context.,rule_decomposition,R1_2 when TrackMetrics and (({hearRateVariability} = low) and ({eyeMovements} = low)) then InformUser,d_decompose_R1_2,,,"R1_2_1 when TrackMetrics and (({hearRateVariability} = low) and ({eyeMovements} = low)) and (UserDriving) then InformUser
R1_2_2 when TrackMetrics and (({hearRateVariability} = low) and ({eyeMovements} = low)) and not (UserDriving) then InformUser",0,,1,0,1,deterministic,R1_2,2026-07-01T02:24:58.070295,37.126,SafeSCAD,1,pending,False,True,deterministic
0,5,0,1,0,0,0.0,113,situational_conflicts_1,situational_conflicts,The opposite trigger is refined using the first rule's context.,trigger_refinement,"R4 when UserDriving then not InformUser
unless {informationImportant}",d_trigger_refine_2,,,R4 when UserDriving and not (TrackMetrics and (({hearRateVariability} = low) and ({eyeMovements} = low))) then not InformUser unless {informationImportant},0,,0,0,1,deterministic,R4,2026-07-01T02:24:57.676054,37.126,SafeSCAD,1,pending,False,True,deterministic
0,5,0,0,1,0,0.0,112,situational_conflicts_1,situational_conflicts,The opposite rule context is given an explicit defeater.,defeater_introduction,"R4 when UserDriving then not InformUser
unless {informationImportant}",d2,,,R4 when UserDriving then not InformUser unless (informationImportant OR TrackMetrics and (({hearRateVariability} = low) and ({eyeMovements} = low))),0,,0,0,1,deterministic,R4,2026-07-01T02:24:57.298110,37.126,SafeSCAD,1,pending,False,True,deterministic
0,5,0,1,0,0,0.0,111,situational_conflicts_1,situational_conflicts,The trigger is refined using the other conflicting rule's context.,trigger_refinement,R1_2 when TrackMetrics and (({hearRateVariability} = low) and ({eyeMovements} = low)) then InformUser,d_trigger_refine_1,,,R1_2 when TrackMetrics and (({hearRateVariability} = low) and ({eyeMovements} = low)) and not (UserDriving) then InformUser,0,,0,0,1,deterministic,R1_2,2026-07-01T02:24:56.884687,37.126,SafeSCAD,1,pending,False,True,deterministic
0,5,0,0,0,0,0.0,110,situational_conflicts_1,situational_conflicts,The two conflicting rules are merged into one rule.,rule_merging,R1_2 when TrackMetrics and (({hearRateVariability} = low) and ({eyeMovements} = low)) then InformUser,d4,,,R1_2 when TrackMetrics and (({hearRateVariability} = low) and ({eyeMovements} = low)) then InformUser unless (UserDriving) then not InformUser,0,,0,0,1,deterministic,R1_2,2026-07-01T02:24:56.475480,37.126,SafeSCAD,1,pending,False,True,deterministic
0,5,0,1,0,0,0.0,109,situational_conflicts_1,situational_conflicts,The trigger is strengthened using contextual information.,trigger_strengthening,R1_2 when TrackMetrics and (({hearRateVariability} = low) and ({eyeMovements} = low)) then InformUser,d3,,,R1_2 when TrackMetrics and (({hearRateVariability} = low) and ({eyeMovements} = low)) and (UserDriving) then InformUser,0,,0,0,1,deterministic,R1_2,2026-07-01T02:24:56.061451,37.126,SafeSCAD,1,pending,False,True,deterministic
0,5,0,0,1,0,0.0,108,situational_conflicts_1,situational_conflicts,The conflicting context is converted into an explicit defeater.,defeater_introduction,R1_2 when TrackMetrics and (({hearRateVariability} = low) and ({eyeMovements} = low)) then InformUser,d1,,,R1_2 when TrackMetrics and (({hearRateVariability} = low) and ({eyeMovements} = low)) then InformUser unless {UserDriving},0,,0,0,1,deterministic,R1_2,2026-07-01T02:24:55.659797,37.126,SafeSCAD,1,pending,False,True,deterministic
0,5,0,0,0,0,0.0,104,redundancies_3,redundancies,Merge R2_1 with the equivalent rule to avoid redundancy.,rule_merging,R2_1 when EnsureAlertness then TrackMetrics,d_merge_R2_1,,,R2_1 when EnsureAlertness then TrackMetrics,0,,0,0,1,deterministic,R2_1,2026-07-01T02:23:52.317801,18.334,SafeSCAD,1,pending,False,True,deterministic
0,5,0,0,0,0,0.0,103,redundancies_3,redundancies,Remove R2_1 because it is redundant.,rule_removal,R2_1 when EnsureAlertness then TrackMetrics,d_remove_R2_1,,,,0,,0,1,0,deterministic,R2_1,2026-07-01T02:23:52.003129,18.334,SafeSCAD,1,pending,False,True,deterministic
0,5,0,0,0,0,0.0,99,redundancies_2,redundancies,Merge R2 with the equivalent rule to avoid redundancy.,rule_merging,R2 when UserDriving and {fullAttentionNeeded} then EnsureAlertness,d_merge_R2,,,R2 when UserDriving and {fullAttentionNeeded} then EnsureAlertness,0,,0,0,1,deterministic,R2,2026-07-01T02:21:05.311848,49.557,SafeSCAD,1,pending,False,True,deterministic
0,5,0,1,0,0,0.0,98,concerns_7,concerns,Split the related rule into context-specific branches for the concern.,rule_decomposition,R10_1 when PreparingRobot then InformHuman,d_decompose_R10_1,,,"R10_1_1 when PreparingRobot and (TrackHumanLocation and {humanTooClose}) then InformHuman
R10_1_2 when PreparingRobot and not (TrackHumanLocation and {humanTooClose}) then InformHuman",0,,1,0,1,deterministic,R10_1,2026-07-01T02:21:04.762809,11.354,CSICobot,1,pending,False,True,deterministic
0,5,0,1,0,0,0.0,97,concerns_7,concerns,Strengthen the rule trigger using the concern context identified by the diagnosis.,trigger_strengthening,R10_1 when PreparingRobot then InformHuman,d_strengthen_R10_1,,,R10_1 when PreparingRobot and (TrackHumanLocation and {humanTooClose}) then InformHuman,0,,0,0,1,deterministic,R10_1,2026-07-01T02:21:03.998543,11.354,CSICobot,1,pending,False,True,deterministic
0,5,0,0,1,0,0.0,96,concerns_7,concerns,Add the concern context as an explicit exception to the related rule.,defeater_introduction,R10_1 when PreparingRobot then InformHuman,d_concern_defeater_R10_1,,,R10_1 when PreparingRobot then InformHuman unless (TrackHumanLocation and {humanTooClose}),0,,0,0,1,deterministic,R10_1,2026-07-01T02:21:03.607029,11.354,CSICobot,1,pending,False,True,deterministic
0,5,0,1,0,0,0.0,88,concerns_5,concerns,Split the related rule into context-specific branches for the concern.,rule_decomposition,"R6 when InformHuman then RobotMoving unless {humanInRoute} then AdjustRoute
unless (not {routeAvailable}) then AskPermission",d_decompose_R6,,,"R6_1 when InformHuman and (ActionHumanRandom) then RobotMoving unless {humanInRoute}
R6_2 when InformHuman and not (ActionHumanRandom) then RobotMoving unless {humanInRoute}",0,,1,0,1,deterministic,R6,2026-07-01T02:18:40.175341,28.144,CSICobot,1,pending,False,True,deterministic
0,5,0,1,0,0,0.0,87,concerns_5,concerns,Strengthen the rule trigger using the concern context identified by the diagnosis.,trigger_strengthening,"R6 when InformHuman then RobotMoving unless {humanInRoute} then AdjustRoute
unless (not {routeAvailable}) then AskPermission",d_strengthen_R6,,,R6 when InformHuman and (ActionHumanRandom) then RobotMoving unless {humanInRoute},0,,0,0,1,deterministic,R6,2026-07-01T02:18:39.830426,28.144,CSICobot,1,pending,False,True,deterministic
0,5,0,0,1,0,0.0,86,concerns_5,concerns,Add the concern context as an explicit exception to the related rule.,defeater_introduction,"R6 when InformHuman then RobotMoving unless {humanInRoute} then AdjustRoute
unless (not {routeAvailable}) then AskPermission",d_concern_defeater_R6,,,R6 when InformHuman then RobotMoving unless (humanInRoute OR ActionHumanRandom),0,,0,0,1,deterministic,R6,2026-07-01T02:18:39.476574,28.144,CSICobot,1,pending,False,True,deterministic
0,5,0,1,0,0,0.0,83,concerns_4,concerns,Split the related rule into context-specific branches for the concern.,rule_decomposition,R5 when HumanSaysStop then RobotStopAction,d_decompose_R5,,,"R5_1 when HumanSaysStop and (ActionHumanRandom and {humanInRange} or {humanTooClose}) then RobotStopAction
R5_2 when HumanSaysStop and not (ActionHumanRandom and {humanInRange} or {humanTooClose}) then RobotStopAction",0,,1,0,1,deterministic,R5,2026-07-01T02:16:47.804007,9.701,CSICobot,1,pending,False,True,deterministic
0,5,0,1,0,0,0.0,82,concerns_4,concerns,Strengthen the rule trigger using the concern context identified by the diagnosis.,trigger_strengthening,R5 when HumanSaysStop then RobotStopAction,d_strengthen_R5,,,R5 when HumanSaysStop and (ActionHumanRandom and {humanInRange} or {humanTooClose}) then RobotStopAction,0,,0,0,1,deterministic,R5,2026-07-01T02:16:47.417010,9.701,CSICobot,1,pending,False,True,deterministic
0,5,0,0,1,0,0.0,81,concerns_4,concerns,Add the concern context as an explicit exception to the related rule.,defeater_introduction,R5 when HumanSaysStop then RobotStopAction,d_concern_defeater_R5,,,R5 when HumanSaysStop then RobotStopAction unless (ActionHumanRandom and {humanInRange} or {humanTooClose}),0,,0,0,1,deterministic,R5,2026-07-01T02:16:47.013153,9.701,CSICobot,1,pending,False,True,deterministic
0,5,0,1,0,0,0.0,73,concerns_2,concerns,Split the related rule into context-specific branches for the concern.,rule_decomposition,"R1 when RobotMoving then AvoidBumping
unless {humanInRoute} then AdjustRoute
unless {humanTooClose} then AdjustRoute
unless {bumpHuman} then InquireSafety",d_decompose_R1,,,"R1_1 when RobotMoving and ({humanInRange} or {humanTooClose} or not {routeAvailable}) then AvoidBumping unless {humanInRoute}
R1_2 when RobotMoving and not ({humanInRange} or {humanTooClose} or not {routeAvailable}) then AvoidBumping unless {humanInRoute}",0,,1,0,1,deterministic,R1,2026-07-01T02:13:57.467457,11.629,CSICobot,1,pending,False,True,deterministic
0,5,0,1,0,0,0.0,72,concerns_2,concerns,Strengthen the rule trigger using the concern context identified by the diagnosis.,trigger_strengthening,"R1 when RobotMoving then AvoidBumping
unless {humanInRoute} then AdjustRoute
unless {humanTooClose} then AdjustRoute
unless {bumpHuman} then InquireSafety",d_strengthen_R1,,,R1 when RobotMoving and ({humanInRange} or {humanTooClose} or not {routeAvailable}) then AvoidBumping unless {humanInRoute},0,,0,0,1,deterministic,R1,2026-07-01T02:13:57.098175,11.629,CSICobot,1,pending,False,True,deterministic
0,5,0,0,1,0,0.0,71,concerns_2,concerns,Add the concern context as an explicit exception to the related rule.,defeater_introduction,"R1 when RobotMoving then AvoidBumping
unless {humanInRoute} then AdjustRoute
unless {humanTooClose} then AdjustRoute
unless {bumpHuman} then InquireSafety",d_concern_defeater_R1,,,R1 when RobotMoving then AvoidBumping unless (humanInRoute OR {humanInRange} or {humanTooClose} or not {routeAvailable}),0,,0,0,1,deterministic,R1,2026-07-01T02:13:56.705655,11.629,CSICobot,1,pending,False,True,deterministic
0,5,0,1,0,0,0.0,66,situational_conflicts_1,situational_conflicts,Split the first conflicting rule around the second rule's context.,rule_decomposition,"R4 when PreparingDrone and {onIndigenousLand} then not DeployDrone
unless {landTreatyInPlace} then DeployDrone",d_decompose_R4,,,"R4_1 when PreparingDrone and {onIndigenousLand} and (PreparingDrone and {privateTerritory}) then not DeployDrone unless {landTreatyInPlace}
R4_2 when PreparingDrone and {onIndigenousLand} and not (PreparingDrone and {privateTerritory}) then not DeployDrone unless {landTreatyInPlace}",0,,1,0,1,deterministic,R4,2026-07-01T01:40:09.952108,36.416,ASPEN,1,pending,False,True,deterministic
0,5,0,0,0,0,0.0,65,situational_conflicts_1,situational_conflicts,The two conflicting rules are merged into one rule.,rule_merging,"R4 when PreparingDrone and {onIndigenousLand} then not DeployDrone
unless {landTreatyInPlace} then DeployDrone",d4,,,R4 when PreparingDrone and {onIndigenousLand} then not DeployDrone unless ((landTreatyInPlace) OR (PreparingDrone and {privateTerritory})) then not DeployDrone,0,,0,0,1,deterministic,R4,2026-07-01T01:40:09.564605,36.416,ASPEN,1,pending,False,True,deterministic
0,5,0,1,0,0,0.0,64,situational_conflicts_1,situational_conflicts,The trigger is refined using the other conflicting rule's context.,trigger_refinement,"R4 when PreparingDrone and {onIndigenousLand} then not DeployDrone
unless {landTreatyInPlace} then DeployDrone",d_trigger_refine_1,,,R4 when PreparingDrone and {onIndigenousLand} and not (PreparingDrone and {privateTerritory}) then not DeployDrone unless {landTreatyInPlace},0,,0,0,1,deterministic,R4,2026-07-01T01:40:09.141329,36.416,ASPEN,1,pending,False,True,deterministic
0,5,0,1,0,0,0.0,63,situational_conflicts_1,situational_conflicts,The trigger is strengthened using contextual information.,trigger_strengthening,"R4 when PreparingDrone and {onIndigenousLand} then not DeployDrone
unless {landTreatyInPlace} then DeployDrone",d3,,,R4 when PreparingDrone and {onIndigenousLand} and (PreparingDrone and {privateTerritory}) then not DeployDrone unless {landTreatyInPlace},0,,0,0,1,deterministic,R4,2026-07-01T01:40:08.679811,36.416,ASPEN,1,pending,False,True,deterministic
0,5,0,1,0,0,0.0,62,situational_conflicts_1,situational_conflicts,The opposite trigger is refined using the first rule's context.,trigger_refinement,R7_1 when PreparingDrone and {privateTerritory} then not DeployDrone,d_trigger_refine_2,,,R7_1 when PreparingDrone and {privateTerritory} and not (PreparingDrone and {onIndigenousLand}) then not DeployDrone,0,,0,0,1,deterministic,R7_1,2026-07-01T01:40:08.329213,36.416,ASPEN,1,pending,False,True,deterministic
0,5,0,0,1,0,0.0,61,situational_conflicts_1,situational_conflicts,The conflicting context is converted into an explicit defeater.,defeater_introduction,"R4 when PreparingDrone and {onIndigenousLand} then not DeployDrone
unless {landTreatyInPlace} then DeployDrone",d1,,,R4 when PreparingDrone and {onIndigenousLand} then not DeployDrone unless (landTreatyInPlace OR PreparingDrone and {privateTerritory}),0,,0,0,1,deterministic,R4,2026-07-01T01:40:07.943790,36.416,ASPEN,1,pending,False,True,deterministic
0,5,0,0,1,0,0.0,60,situational_conflicts_1,situational_conflicts,The opposite rule context is given an explicit defeater.,defeater_introduction,R7_1 when PreparingDrone and {privateTerritory} then not DeployDrone,d2,,,R7_1 when PreparingDrone and {privateTerritory} then not DeployDrone unless (PreparingDrone and {onIndigenousLand}),0,,0,0,1,deterministic,R7_1,2026-07-01T01:40:07.613993,36.416,ASPEN,1,pending,False,True,deterministic
0,5,0,1,0,0,0.0,53,concerns_4,concerns,Split the related rule into context-specific branches for the concern.,rule_decomposition,"R8_1 when DeployDrone and (({carbonFootprint} > low) and  ({benefits} < medium))
then InformKeeper",d_decompose_R8_1,,,"R8_1_1 when DeployDrone and (({carbonFootprint} > low) and ({benefits} < medium)) and (EnsureCompliance) then InformKeeper
R8_1_2 when DeployDrone and (({carbonFootprint} > low) and ({benefits} < medium)) and not (EnsureCompliance) then InformKeeper",0,,1,0,1,deterministic,R8_1,2026-07-01T01:37:17.839372,29.197,ASPEN,1,pending,False,True,deterministic
0,5,0,0,1,0,0.0,52,concerns_4,concerns,Add the concern context as an explicit exception to the related rule.,defeater_introduction,"R8_1 when DeployDrone and (({carbonFootprint} > low) and  ({benefits} < medium))
then InformKeeper",d_concern_defeater_R8_1,,,R8_1 when DeployDrone and (({carbonFootprint} > low) and ({benefits} < medium)) then InformKeeper unless {EnsureCompliance},0,,0,0,1,deterministic,R8_1,2026-07-01T01:37:17.491272,29.197,ASPEN,1,pending,False,True,deterministic
0,5,0,1,0,0,0.0,51,concerns_4,concerns,Strengthen the rule trigger using the concern context identified by the diagnosis.,trigger_strengthening,"R8_1 when DeployDrone and (({carbonFootprint} > low) and  ({benefits} < medium))
then InformKeeper",d_strengthen_R8_1,,,R8_1 when DeployDrone and (({carbonFootprint} > low) and ({benefits} < medium)) and (EnsureCompliance) then InformKeeper,0,,0,0,1,deterministic,R8_1,2026-07-01T01:37:17.146985,29.197,ASPEN,1,pending,False,True,deterministic
0,5,0,1,0,0,0.0,48,concerns_3,concerns,Split the related rule into context-specific branches for the concern.,rule_decomposition,"R8_1 when DeployDrone and (({carbonFootprint} > low) and  ({benefits} < medium))
then InformKeeper",d_decompose_R8_1,,,"R8_1_1 when DeployDrone and (({carbonFootprint} > low) and ({benefits} < medium)) and (DeletePictures) then InformKeeper
R8_1_2 when DeployDrone and (({carbonFootprint} > low) and ({benefits} < medium)) and not (DeletePictures) then InformKeeper",0,,1,0,1,deterministic,R8_1,2026-07-01T01:32:46.236951,9.01,ASPEN,1,pending,False,True,deterministic
0,5,0,0,1,0,0.0,47,concerns_3,concerns,Add the concern context as an explicit exception to the related rule.,defeater_introduction,"R8_1 when DeployDrone and (({carbonFootprint} > low) and  ({benefits} < medium))
then InformKeeper",d_concern_defeater_R8_1,,,R8_1 when DeployDrone and (({carbonFootprint} > low) and ({benefits} < medium)) then InformKeeper unless {DeletePictures},0,,0,0,1,deterministic,R8_1,2026-07-01T01:32:45.905025,9.01,ASPEN,1,pending,False,True,deterministic
0,5,0,1,0,0,0.0,46,concerns_3,concerns,Strengthen the rule trigger using the concern context identified by the diagnosis.,trigger_strengthening,"R8_1 when DeployDrone and (({carbonFootprint} > low) and  ({benefits} < medium))
then InformKeeper",d_strengthen_R8_1,,,R8_1 when DeployDrone and (({carbonFootprint} > low) and ({benefits} < medium)) and (DeletePictures) then InformKeeper,0,,0,0,1,deterministic,R8_1,2026-07-01T01:32:45.609755,9.01,ASPEN,1,pending,False,True,deterministic
0,5,0,1,0,0,0.0,43,concerns_2,concerns,Split the related rule into context-specific branches for the concern.,rule_decomposition,"R4 when PreparingDrone and {onIndigenousLand} then not DeployDrone
unless {landTreatyInPlace} then DeployDrone",d_decompose_R4,,,"R4_1 when PreparingDrone and {onIndigenousLand} and ({flightCondition} = dangerous) then not DeployDrone unless {landTreatyInPlace}
R4_2 when PreparingDrone and {onIndigenousLand} and not ({flightCondition} = dangerous) then not DeployDrone unless {landTreatyInPlace}",0,,1,0,1,deterministic,R4,2026-07-01T01:32:01.902312,35.22,ASPEN,1,pending,False,True,deterministic
0,5,0,1,0,0,0.0,42,concerns_2,concerns,Strengthen the rule trigger using the concern context identified by the diagnosis.,trigger_strengthening,"R4 when PreparingDrone and {onIndigenousLand} then not DeployDrone
unless {landTreatyInPlace} then DeployDrone",d_strengthen_R4,,,R4 when PreparingDrone and {onIndigenousLand} and ({flightCondition} = dangerous) then not DeployDrone unless {landTreatyInPlace},0,,0,0,1,deterministic,R4,2026-07-01T01:32:01.544727,35.22,ASPEN,1,pending,False,True,deterministic
0,5,0,0,1,0,0.0,41,concerns_2,concerns,Add the concern context as an explicit exception to the related rule.,defeater_introduction,"R4 when PreparingDrone and {onIndigenousLand} then not DeployDrone
unless {landTreatyInPlace} then DeployDrone",d_concern_defeater_R4,,,R4 when PreparingDrone and {onIndigenousLand} then not DeployDrone unless (landTreatyInPlace OR {flightCondition} = dangerous),0,,0,0,1,deterministic,R4,2026-07-01T01:32:01.197363,35.22,ASPEN,1,pending,False,True,deterministic
0,5,0,1,0,0,0.0,38,concerns_1,concerns,Split the related rule into context-specific branches for the concern.,rule_decomposition,R14_1 when DeployDrone and {damages} then GroundDrone,d_decompose_R14_1,,,"R14_1_1 when DeployDrone and {damages} and ({battery} = low) then GroundDrone
R14_1_2 when DeployDrone and {damages} and not ({battery} = low) then GroundDrone",0,,1,0,1,deterministic,R14_1,2026-07-01T01:29:45.564107,55.579,ASPEN,1,pending,False,True,deterministic
0,5,0,1,0,0,0.0,37,concerns_1,concerns,Strengthen the rule trigger using the concern context identified by the diagnosis.,trigger_strengthening,R14_1 when DeployDrone and {damages} then GroundDrone,d_strengthen_R14_1,,,R14_1 when DeployDrone and {damages} and ({battery} = low) then GroundDrone,0,,0,0,1,deterministic,R14_1,2026-07-01T01:29:45.223239,55.579,ASPEN,1,pending,False,True,deterministic
0,5,0,1,0,0,0.0,24,concerns_1,concerns,Split the related rule into context-specific branches for the concern.,rule_decomposition,"Rule5 when UserRequestInfo then ProvideInfo
unless ((not {informationAvailable}) or {informationDisclosureNotPermitted})
then InformUserandandReferToHumanCarer",d_decompose_Rule5,,,"Rule5_1 when UserRequestInfo and ({informationAvailable} and {informationDisclosureNotPermitted}) then ProvideInfo unless (((not {informationAvailable}) or {informationDisclosureNotPermitted}))
Rule5_2 when UserRequestInfo and not ({informationAvailable} and {informationDisclosureNotPermitted}) then ProvideInfo unless (((not {informationAvailable}) or {informationDisclosureNotPermitted}))",0,,1,0,1,deterministic,Rule5,2026-06-30T12:46:46.044907,107.183,DAISY,1,pending,False,True,deterministic
0,5,0,1,0,0,0.0,23,concerns_1,concerns,Strengthen the rule trigger using the concern context identified by the diagnosis.,trigger_strengthening,"Rule5 when UserRequestInfo then ProvideInfo
unless ((not {informationAvailable}) or {informationDisclosureNotPermitted})
then InformUserandandReferToHumanCarer",d_strengthen_Rule5,,,Rule5 when UserRequestInfo and ({informationAvailable} and {informationDisclosureNotPermitted}) then ProvideInfo unless (((not {informationAvailable}) or {informationDisclosureNotPermitted})),0,,0,0,1,deterministic,Rule5,2026-06-30T12:46:46.044562,107.183,DAISY,1,pending,False,True,deterministic
0,5,0,0,1,0,0.0,22,concerns_1,concerns,Add the concern context as an explicit exception to the related rule.,defeater_introduction,"Rule5 when UserRequestInfo then ProvideInfo
unless ((not {informationAvailable}) or {informationDisclosureNotPermitted})
then InformUserandandReferToHumanCarer",d_concern_defeater_Rule5,,,Rule5 when UserRequestInfo then ProvideInfo unless (((not {informationAvailable}) or {informationDisclosureNotPermitted}) OR {informationAvailable} and {informationDisclosureNotPermitted}),0,,0,0,1,deterministic,Rule5,2026-06-30T12:46:46.042756,107.183,DAISY,1,pending,False,True,deterministic
0,5,0,1,0,0,0.0,21,concerns_1,concerns,Split the related rule into context-specific branches for the concern.,rule_decomposition,"R3 when HumanOnFloor then CallEmergencyServices
unless (not {humanAssents}) then not CallEmergencyServices",d_decompose_R3,,,"R3_1 when HumanOnFloor and ({userOccupied} and {riskLevel} = high) then CallEmergencyServices unless ((not {humanAssents}))
R3_2 when HumanOnFloor and not ({userOccupied} and {riskLevel} = high) then CallEmergencyServices unless ((not {humanAssents}))",0,,1,0,1,deterministic,R3,2026-06-30T12:32:21.295627,22.081,ALMI,1,pending,False,True,deterministic
0,5,0,1,0,0,0.0,20,concerns_1,concerns,Strengthen the rule trigger using the concern context identified by the diagnosis.,trigger_strengthening,"R3 when HumanOnFloor then CallEmergencyServices
unless (not {humanAssents}) then not CallEmergencyServices",d_strengthen_R3,,,R3 when HumanOnFloor and ({userOccupied} and {riskLevel} = high) then CallEmergencyServices unless ((not {humanAssents})),0,,0,0,1,deterministic,R3,2026-06-30T12:32:21.294831,22.081,ALMI,1,pending,False,True,deterministic
0,5,0,0,1,0,0.0,19,concerns_1,concerns,Add the concern context as an explicit exception to the related rule.,defeater_introduction,"R3 when HumanOnFloor then CallEmergencyServices
unless (not {humanAssents}) then not CallEmergencyServices",d_concern_defeater_R3,,,R3 when HumanOnFloor then CallEmergencyServices unless ((not {humanAssents}) OR {userOccupied} and {riskLevel} = high),0,,0,0,1,deterministic,R3,2026-06-30T12:32:21.294183,22.081,ALMI,1,pending,False,True,deterministic
0,5,0,1,0,0,0.0,16,concerns_1,concerns,Split the related rule into context-specific branches for the concern.,rule_decomposition,"R3 when HumanOnFloor then CallEmergencyServices
unless (not {humanAssents}) then not CallEmergencyServices",d_decompose_R3,,,"R3_1 when HumanOnFloor and ({userOccupied} and {riskLevel} = high) then CallEmergencyServices unless ((not {humanAssents}))
R3_2 when HumanOnFloor and not ({userOccupied} and {riskLevel} = high) then CallEmergencyServices unless ((not {humanAssents}))",0,,1,0,1,deterministic,R3,2026-06-30T12:18:46.238051,54.319,ALMI,1,pending,False,True,deterministic
0,5,0,1,0,0,0.0,15,concerns_1,concerns,Strengthen the rule trigger using the concern context identified by the diagnosis.,trigger_strengthening,"R3 when HumanOnFloor then CallEmergencyServices
unless (not {humanAssents}) then not CallEmergencyServices",d_strengthen_R3,,,R3 when HumanOnFloor and ({userOccupied} and {riskLevel} = high) then CallEmergencyServices unless ((not {humanAssents})),0,,0,0,1,deterministic,R3,2026-06-30T12:18:46.237715,54.319,ALMI,1,pending,False,True,deterministic
0,5,0,0,1,0,0.0,14,concerns_1,concerns,Add the concern context as an explicit exception to the related rule.,defeater_introduction,"R3 when HumanOnFloor then CallEmergencyServices
unless (not {humanAssents}) then not CallEmergencyServices",d_concern_defeater_R3,,,R3 when HumanOnFloor then CallEmergencyServices unless ((not {humanAssents}) OR {userOccupied} and {riskLevel} = high),0,,0,0,1,deterministic,R3,2026-06-30T12:18:46.237347,54.319,ALMI,1,pending,False,True,deterministic
0,5,0,1,0,0,0.0,12,concerns_1,concerns,Split the related rule into context-specific branches for the concern.,rule_decomposition,"Rule5 when UserRequestInfo then ProvideInfo
unless ((not {informationAvailable}) or {informationDisclosureNotPermitted})
then InformUserandandReferToHumanCarer",d_decompose_Rule5,,,"Rule5_1 when UserRequestInfo and ({informationAvailable} and {informationDisclosureNotPermitted}) then ProvideInfo unless (((not {informationAvailable}) or {informationDisclosureNotPermitted}))
Rule5_2 when UserRequestInfo and not ({informationAvailable} and {informationDisclosureNotPermitted}) then ProvideInfo unless (((not {informationAvailable}) or {informationDisclosureNotPermitted}))",0,,1,0,1,deterministic,Rule5,2026-06-30T12:06:31.479791,119.069,DAISY,1,pending,False,True,deterministic
0,5,0,1,0,0,0.0,11,concerns_1,concerns,Strengthen the rule trigger using the concern context identified by the diagnosis.,trigger_strengthening,"Rule5 when UserRequestInfo then ProvideInfo
unless ((not {informationAvailable}) or {informationDisclosureNotPermitted})
then InformUserandandReferToHumanCarer",d_strengthen_Rule5,,,Rule5 when UserRequestInfo and ({informationAvailable} and {informationDisclosureNotPermitted}) then ProvideInfo unless (((not {informationAvailable}) or {informationDisclosureNotPermitted})),0,,0,0,1,deterministic,Rule5,2026-06-30T12:06:31.479210,119.069,DAISY,1,pending,False,True,deterministic
0,5,0,0,1,0,0.0,10,concerns_1,concerns,Add the concern context as an explicit exception to the related rule.,defeater_introduction,"Rule5 when UserRequestInfo then ProvideInfo
unless ((not {informationAvailable}) or {informationDisclosureNotPermitted})
then InformUserandandReferToHumanCarer",d_concern_defeater_Rule5,,,Rule5 when UserRequestInfo then ProvideInfo unless (((not {informationAvailable}) or {informationDisclosureNotPermitted}) OR {informationAvailable} and {informationDisclosureNotPermitted}),0,,0,0,1,deterministic,Rule5,2026-06-30T12:06:31.477320,119.069,DAISY,1,pending,False,True,deterministic
0,5,0,1,0,0,0.0,9,situational_conflicts_1,situational_conflicts,Split the first conflicting rule around the second rule's context.,rule_decomposition,"Rule1 when AddressUserName then UsePreferredName
unless {userNameUnknown} then AddressSirOrMadam
unless {userDirectsOtherwise}",d_decompose_Rule1,,,"Rule1_1 when AddressUserName and (ProvideInfo) then UsePreferredName unless {userNameUnknown}
Rule1_2 when AddressUserName and not (ProvideInfo) then UsePreferredName unless {userNameUnknown}",0,,1,0,1,deterministic,Rule1,2026-06-30T11:33:18.189389,79.878,DAISY,1,pending,False,True,deterministic
0,5,0,1,0,0,0.0,8,situational_conflicts_1,situational_conflicts,The opposite trigger is refined using the first rule's context.,trigger_refinement,"Rule2 when ProvideInfo then NotDisclosePersonalInformation
unless {directlyToUser}
unless {userConsentAvalaible}
unless {medicalEmergency}",d_trigger_refine_2,,,Rule2 when ProvideInfo and not (AddressUserName) then NotDisclosePersonalInformation unless (directlyToUser} unless {userConsentAvalaible} unless {medicalEmergency),0,,0,0,1,deterministic,Rule2,2026-06-30T11:33:18.188847,79.878,DAISY,1,pending,False,True,deterministic
0,5,0,1,0,0,0.0,7,situational_conflicts_1,situational_conflicts,The trigger is refined using the other conflicting rule's context.,trigger_refinement,"Rule1 when AddressUserName then UsePreferredName
unless {userNameUnknown} then AddressSirOrMadam
unless {userDirectsOtherwise}",d_trigger_refine_1,,,Rule1 when AddressUserName and not (ProvideInfo) then UsePreferredName unless {userNameUnknown},0,,0,0,1,deterministic,Rule1,2026-06-30T11:33:18.188313,79.878,DAISY,1,pending,False,True,deterministic
0,5,0,0,1,0,0.0,6,situational_conflicts_1,situational_conflicts,The opposite rule context is given an explicit defeater.,defeater_introduction,"Rule2 when ProvideInfo then NotDisclosePersonalInformation
unless {directlyToUser}
unless {userConsentAvalaible}
unless {medicalEmergency}",d2,,,Rule2 when ProvideInfo then NotDisclosePersonalInformation unless (directlyToUser} unless {userConsentAvalaible} unless {medicalEmergency OR AddressUserName),0,,0,0,1,deterministic,Rule2,2026-06-30T11:33:18.187737,79.878,DAISY,1,pending,False,True,deterministic
0,5,0,0,0,0,0.0,5,situational_conflicts_1,situational_conflicts,The two conflicting rules are merged into one rule.,rule_merging,"Rule1 when AddressUserName then UsePreferredName
unless {userNameUnknown} then AddressSirOrMadam
unless {userDirectsOtherwise}",d4,,,Rule1 when AddressUserName then UsePreferredName unless ((userNameUnknown) OR (ProvideInfo)) then NotDisclosePersonalInformation,0,,0,0,1,deterministic,Rule1,2026-06-30T11:33:18.187233,79.878,DAISY,1,pending,False,True,deterministic
0,5,0,1,0,0,0.0,4,situational_conflicts_1,situational_conflicts,The trigger is strengthened using contextual information.,trigger_strengthening,"Rule1 when AddressUserName then UsePreferredName
unless {userNameUnknown} then AddressSirOrMadam
unless {userDirectsOtherwise}",d3,,,Rule1 when AddressUserName and (ProvideInfo) then UsePreferredName unless {userNameUnknown},0,,0,0,1,deterministic,Rule1,2026-06-30T11:33:18.186724,79.878,DAISY,1,pending,False,True,deterministic
0,5,0,0,1,0,0.0,2,situational_conflicts_1,situational_conflicts,The conflicting context is converted into an explicit defeater.,defeater_introduction,"Rule1 when AddressUserName then UsePreferredName
unless {userNameUnknown} then AddressSirOrMadam
unless {userDirectsOtherwise}",d1,,,Rule1 when AddressUserName then UsePreferredName unless (userNameUnknown OR ProvideInfo),0,,0,0,1,deterministic,Rule1,2026-06-30T11:33:18.185678,79.878,DAISY,1,pending,False,True,deterministic
